buyer_id,buyer_type,location_id
1,Retailer,4
2,Wholesaler,3
3,Wholesaler,5
4,Retailer,4
5,Retailer,1
6,Wholesaler,5
7,Institutional,4
8,Institutional,4
9,Wholesaler,1
10,Institutional,3
11,Wholesaler,2
12,Retailer,5
13,Institutional,4
14,Wholesaler,5
15,Wholesaler,3
16,Wholesaler,2
17,Retailer,3
18,Institutional,1
19,Institutional,5
20,Retailer,4
21,Retailer,4
22,Institutional,2
23,Retailer,5
24,Wholesaler,5
25,Institutional,4
26,Institutional,1
27,Wholesaler,3
28,Wholesaler,1
29,Wholesaler,1
30,Institutional,4
31,Institutional,4
32,Wholesaler,5
33,Wholesaler,2
34,Institutional,2
35,Retailer,3
36,Institutional,1
37,Wholesaler,1
38,Institutional,3
39,Retailer,2
40,Wholesaler,4
41,Institutional,3
42,Retailer,5
43,Wholesaler,4
44,Retailer,2
45,Institutional,5
46,Wholesaler,5
47,Institutional,2
48,Institutional,2
49,Retailer,4
50,Wholesaler,1
51,Institutional,1
52,Institutional,1
53,Institutional,4
54,Institutional,4
55,Wholesaler,4
56,Retailer,4
57,Wholesaler,3
58,Wholesaler,3
59,Retailer,1
60,Retailer,1
61,Wholesaler,4
62,Wholesaler,3
63,Institutional,3
64,Retailer,4
65,Wholesaler,4
66,Wholesaler,3
67,Retailer,3
68,Institutional,2
69,Wholesaler,1
70,Wholesaler,3
71,Institutional,2
72,Retailer,3
73,Institutional,5
74,Retailer,2
75,Institutional,1
76,Institutional,2
77,Institutional,2
78,Wholesaler,4
79,Retailer,3
80,Wholesaler,4
