order_item_id,order_id,crop_id,quantity,unit_price,quality
1,1,7,537.69,7053.8,A
2,2,7,908.83,7005.83,B
3,3,3,1394.81,2435.57,A
4,4,8,1530.88,2398.05,A
5,5,7,1132.54,7001.55,B
6,6,8,1998.26,2399.13,A
7,7,2,2071.02,3547.74,C
8,8,2,1293.08,3483.1,C
9,9,6,1283.67,4628.89,A
10,10,7,628.87,6828.78,B
11,11,8,1870.46,2272.96,C
12,12,8,647.24,2330.84,B
13,13,1,1170.54,3157.29,B
14,14,1,2232.66,3013.52,B
15,15,7,901.73,6507.07,C
16,16,2,977.87,3478.36,C
17,17,6,1435.64,4469.42,B
18,18,2,3279.02,3288.95,C
19,19,4,1667.72,2506.13,A
20,20,4,2037.46,2847.09,B
21,21,8,1655.84,2328.94,A
22,22,6,718.68,4185.35,B
23,23,6,1537.89,4577.49,B
24,24,3,886.24,2417.61,B
25,25,2,2013.66,3310.78,A
26,26,6,1207.4,5124.26,C
27,27,3,1523.1,2714.2,A
28,28,7,1470.45,6684.17,C
29,29,4,1173.18,2802.85,B
30,30,2,2934.54,3525.56,A
31,31,1,3302.75,2874.33,C
32,32,5,2186.62,2303.33,B
33,33,2,2410.11,3415.29,B
34,34,2,2680.85,3587.81,C
35,35,7,1197.63,6663.73,A
36,36,6,1352.02,4897.13,B
37,37,2,1761.78,3391.4,A
38,38,6,1699.68,4261.12,C
39,39,4,717.28,2741.16,C
40,40,8,1667.78,2337.23,A
41,41,6,1205.18,4618.15,C
42,42,1,1345.38,2991.6,C
43,43,8,1319.66,2147.89,A
44,44,1,1428.66,2966.9,A
45,45,7,1381.5,6965.16,C
46,46,5,649.14,2019.81,A
47,47,2,2962.54,3439.76,A
48,48,3,870.37,2489.43,B
49,49,4,1209.51,2724.39,A
50,50,5,1479.66,2123.09,C
51,51,2,1287.91,3407.02,A
52,52,5,1766.02,2043.23,B
53,53,2,1993.92,3441.46,A
54,54,6,1951.76,4843.43,B
55,55,4,871.16,2595.25,A
56,56,5,2668.15,2120.23,A
57,57,5,1791.02,2061.73,B
58,58,3,1307.81,2318.04,B
59,59,6,1684.87,5136.3,B
60,60,8,857.18,2440.01,B
61,61,8,1469.58,2371.33,C
62,62,3,1865.07,2202.87,C
63,63,3,1158.98,2328.84,B
64,64,8,1563.65,2436.74,C
65,65,8,1529.97,2303.92,B
66,66,4,1156.92,2972.69,C
67,67,6,1550.28,4498.64,A
68,68,1,1739.19,3203.44,B
69,69,6,1499.74,4475.43,C
70,70,1,3240.81,3121.93,B
71,71,6,1176.32,4764.83,C
72,72,8,1480.74,2414.07,A
73,73,8,2125.57,2472.8,B
74,74,8,780.81,2358.66,A
75,75,5,1517.28,2124.87,C
76,76,1,839.09,3120.68,B
77,77,7,727.61,6535.53,C
78,78,7,1212.49,6795.88,B
79,79,7,1165.09,5793.22,B
80,80,2,1850.47,3465.96,B
81,81,2,2089.92,3336.59,B
82,82,4,1564.84,2843.94,A
83,83,4,1455.32,2799.78,B
84,84,4,1515.02,2864.0,A
85,85,6,1076.6,4450.48,C
86,86,2,2797.03,3239.26,B
87,87,5,2215.15,2201.06,A
88,88,3,990.96,2252.57,B
89,89,7,559.34,6966.57,A
90,90,2,2942.88,3448.83,A
91,91,6,2019.25,4635.26,C
92,92,3,1054.89,2621.56,C
93,93,3,1304.61,2397.65,C
94,94,3,1895.64,2615.69,C
95,95,8,1346.71,2370.41,A
96,96,2,1031.58,3388.16,A
97,97,5,898.51,2140.19,C
98,98,2,1499.38,3718.26,B
99,99,4,1886.51,2899.53,A
100,100,2,1605.58,3512.77,C
101,101,7,445.53,6924.96,B
102,102,6,751.58,4954.32,A
103,103,6,871.89,4613.6,B
104,104,3,1318.25,2618.39,C
105,105,8,1628.94,2417.23,C
106,106,3,1487.34,2587.67,B
107,107,1,1782.89,3133.54,A
108,108,2,886.63,3337.28,C
109,109,6,919.03,4445.3,C
110,110,7,425.21,6609.35,A
111,111,1,1782.48,3157.21,A
112,112,2,1695.46,3375.56,C
113,113,5,1268.98,2128.8,A
114,114,3,2319.03,2443.24,A
115,115,2,1273.11,3731.27,C
116,116,7,1162.63,7213.59,A
117,117,5,1945.66,2169.45,B
118,118,1,3064.0,2965.89,A
119,119,6,1672.23,4641.02,A
120,120,4,2922.71,2772.52,B
121,121,1,1937.68,3108.36,C
122,122,7,1018.04,7020.51,A
123,123,8,1961.82,2420.38,A
124,124,4,1260.67,2595.08,A
125,125,5,1986.44,2163.57,C
126,126,6,743.53,4691.9,A
127,127,8,1745.13,2288.32,A
128,128,2,2241.9,3333.44,B
129,129,7,883.34,6473.58,B
130,130,4,1618.17,2828.04,A
131,131,2,2292.11,3405.79,A
132,132,6,1613.18,4967.59,C
133,133,1,1549.5,2791.76,C
134,134,4,1458.66,2612.74,C
135,135,8,1017.73,2404.43,C
136,136,3,2372.18,2559.44,B
137,137,1,1958.81,3134.76,B
138,138,4,567.68,2824.39,A
139,139,5,2066.72,2068.6,A
140,140,2,1594.71,3343.57,A
141,141,6,1429.88,4774.27,B
142,142,4,951.34,2880.35,B
143,143,8,1890.55,2028.27,A
144,144,7,494.42,6106.75,B
145,145,2,2411.72,3355.17,C
146,146,5,1930.28,2241.68,A
147,147,6,914.36,4309.82,C
148,148,5,2686.67,2043.54,C
149,149,6,613.13,4706.57,C
150,150,7,832.34,5943.62,A
151,151,5,1561.62,2029.27,B
152,152,5,917.66,2017.07,C
153,153,8,1155.96,2128.98,C
154,154,1,2633.38,3062.2,C
155,155,4,2055.98,2922.64,C
156,156,2,1279.49,3606.31,B
157,157,5,2879.36,2149.21,A
158,158,3,978.27,2255.68,C
159,159,5,1176.86,2129.72,C
160,160,8,1831.91,2331.38,C
161,161,6,557.11,4710.77,C
162,162,1,1284.92,3082.33,A
163,163,7,869.21,6690.04,B
164,164,5,769.48,2118.7,A
165,165,2,2026.62,3620.54,C
166,166,1,2387.82,3132.66,C
167,167,2,1203.76,3018.83,B
168,168,3,2043.64,2201.78,B
169,169,3,1205.0,2204.29,B
170,170,6,929.91,4944.1,A
171,171,7,1099.69,6710.08,C
172,172,7,847.69,7137.01,A
173,173,7,1533.47,6994.29,A
174,174,4,2188.46,2902.09,C
175,175,5,1295.52,1958.74,B
176,176,6,1306.6,4799.88,A
177,177,6,684.26,5029.51,C
178,178,5,696.67,2209.93,A
179,179,4,1189.74,2538.32,B
180,180,8,1807.62,2364.97,B
181,181,2,1823.53,3609.98,C
182,182,8,1342.26,2244.83,A
183,183,8,1051.72,2087.78,B
184,184,1,2873.66,2909.81,C
185,185,3,735.31,2278.83,A
186,186,2,1434.74,3495.32,C
187,187,8,2276.33,2078.06,B
188,188,4,1180.66,2666.38,A
189,189,7,457.87,6995.33,B
190,190,6,917.47,4415.05,B
191,191,1,2671.59,3052.8,A
192,192,5,2748.38,1961.33,C
193,193,7,614.93,7049.08,C
194,194,3,929.62,2231.24,C
195,195,4,1995.0,2863.7,B
196,196,8,1468.18,2272.06,A
197,197,3,1799.48,2325.1,A
198,198,6,965.43,4516.29,A
199,199,1,1313.32,2941.46,A
200,200,6,1379.79,4384.19,B
201,201,6,1202.68,4375.33,A
202,202,2,1856.96,3650.96,C
203,203,1,1660.82,2790.67,B
204,204,6,1503.51,4127.55,A
205,205,8,1122.74,2300.9,B
206,206,1,3022.87,2716.46,A
207,207,4,1344.6,2963.37,A
208,208,2,1242.44,3589.31,C
209,209,7,723.46,6129.11,B
210,210,7,821.14,6256.78,A
211,211,2,814.19,3558.76,C
212,212,5,1176.14,2201.26,C
213,213,6,1081.02,4490.55,B
214,214,5,2956.41,2206.39,C
215,215,1,2383.59,3087.38,A
216,216,8,1665.59,2330.32,A
217,217,4,1824.46,2589.26,C
218,218,7,888.31,6274.81,B
219,219,8,1389.6,2313.4,B
220,220,1,1768.14,2839.3,B
221,221,6,1368.41,4646.17,C
222,222,6,467.13,4389.95,B
223,223,3,1333.39,2207.98,B
224,224,7,1034.36,6374.06,A
225,225,2,1080.13,3472.1,C
226,226,8,956.26,2239.51,C
227,227,1,1347.89,2826.69,A
228,228,8,1909.69,2234.44,A
229,229,8,791.59,2339.14,A
230,230,1,2967.51,3320.19,A
231,231,6,1070.35,4586.79,C
232,232,1,1099.57,3322.91,C
233,233,8,1329.32,2347.18,B
234,234,4,1051.77,2768.86,A
235,235,8,1483.09,2250.72,A
236,236,6,1012.61,4247.33,C
237,237,7,1050.32,6600.08,C
238,238,2,2249.84,3710.94,A
239,239,8,2149.3,2352.42,C
240,240,1,1281.98,3494.57,C
241,241,2,2628.64,3463.69,B
242,242,6,1469.11,4424.59,B
243,243,1,1957.4,3030.84,C
244,244,3,2234.04,2344.68,C
245,245,2,2706.57,3570.76,A
246,246,3,574.25,2469.91,C
247,247,4,826.9,2782.33,C
248,248,6,976.77,4245.35,A
249,249,6,1424.27,4246.17,A
250,250,5,1439.68,2084.25,B
251,251,7,1261.8,6833.39,C
252,252,5,2957.05,2061.61,B
253,253,6,700.9,4475.16,C
254,254,4,1948.09,2909.56,B
255,255,4,2453.07,2714.18,A
256,256,6,729.42,4521.11,B
257,257,5,1555.75,1996.01,C
258,258,4,1231.17,2956.92,B
259,259,7,589.99,6427.59,A
260,260,6,1321.82,4202.19,B
261,261,6,696.82,4520.81,C
262,262,6,1340.05,4371.34,A
263,263,4,2273.51,2566.66,C
264,264,1,1776.19,3120.12,C
265,265,1,2225.47,3230.17,C
266,266,1,906.79,3079.38,B
267,267,5,1810.3,2105.14,C
268,268,6,790.76,4483.53,B
269,269,4,999.57,2949.19,B
270,270,4,1829.02,2690.04,B
271,271,6,2156.73,4946.03,C
272,272,7,392.61,7366.5,A
273,273,8,650.59,2322.85,A
274,274,2,2039.25,3586.55,A
275,275,8,1736.24,2053.76,A
276,276,6,2008.58,4867.08,A
277,277,2,1086.65,3486.23,B
278,278,4,1777.55,2885.86,C
279,279,7,895.01,6592.17,C
280,280,5,1387.55,2112.47,C
281,281,6,1409.41,5032.46,A
282,282,5,1360.91,2242.15,C
283,283,5,1220.79,2046.5,A
284,284,2,992.43,3779.02,C
285,285,8,1944.85,2274.43,B
286,286,1,1013.44,2838.19,B
287,287,8,777.4,2097.07,B
288,288,1,1251.86,2782.43,A
289,289,4,1771.24,2689.03,B
290,290,8,646.5,2391.57,C
291,291,7,628.79,7377.13,C
292,292,7,990.88,7463.47,C
293,293,1,1511.2,2770.52,C
294,294,7,830.84,7367.14,A
295,295,8,684.71,2193.31,A
296,296,8,1623.51,2334.28,A
297,297,4,2421.16,2659.48,C
298,298,1,3044.16,2760.05,B
299,299,3,587.27,2329.95,C
300,300,8,1446.47,2119.29,C
301,301,5,3052.21,2214.39,C
302,302,3,1411.48,2288.83,C
303,303,8,2048.11,2196.61,A
304,304,1,2391.54,2716.88,B
305,305,7,1428.57,6236.76,C
306,306,4,1363.93,2841.54,C
307,307,3,1338.13,2393.4,A
308,308,3,2113.12,2291.79,B
309,309,2,2066.03,3465.62,B
310,310,3,1994.38,2344.0,C
311,311,6,1596.37,4393.47,A
312,312,6,900.43,4265.16,A
313,313,1,2405.6,2959.04,C
314,314,7,874.38,6444.05,B
315,315,5,862.23,2250.72,A
316,316,2,1177.68,3586.81,A
317,317,2,2397.25,3534.05,C
318,318,8,826.78,2272.44,A
319,319,6,937.39,4388.44,C
320,320,7,1208.11,6451.47,B
321,321,4,2026.54,2504.11,A
322,322,7,991.29,6446.63,B
323,323,8,1547.9,2145.82,A
324,324,1,3008.74,3119.57,A
325,325,2,1923.81,3599.87,B
326,326,6,745.98,4346.1,A
327,327,2,1226.38,3582.53,A
328,328,6,1623.09,4630.52,C
329,329,8,1578.68,2266.6,B
330,330,2,1575.54,3560.2,C
331,331,4,1418.72,2717.61,A
332,332,3,1973.67,2385.77,C
333,333,6,865.49,4535.11,A
334,334,6,1262.3,4624.65,C
335,335,1,1432.63,2784.68,B
336,336,5,1645.69,2054.59,C
337,337,8,1436.2,2254.1,B
338,338,1,1057.43,3166.76,C
339,339,7,423.14,6471.63,B
340,340,3,2137.22,2339.8,C
341,341,1,1231.11,2826.79,A
342,342,3,849.0,2255.47,A
343,343,6,879.75,4392.7,B
344,344,3,1188.52,2355.16,B
345,345,2,1154.53,3459.47,A
346,346,4,1596.37,2792.07,B
347,347,5,930.23,2099.46,C
348,348,8,1783.07,2266.54,C
349,349,3,709.38,2379.22,B
350,350,3,633.43,2431.22,C
351,351,6,458.01,4482.64,A
352,352,6,1356.94,4612.89,A
353,353,6,1493.32,4261.19,A
354,354,5,1578.08,2125.42,B
355,355,2,1249.44,3412.65,A
356,356,1,1033.54,2958.98,C
357,357,1,1794.23,2914.63,A
358,358,8,1689.59,2228.5,C
359,359,2,2908.05,3335.08,A
360,360,4,1944.88,2793.65,B
361,361,1,2896.96,2842.51,C
362,362,1,811.31,3073.46,B
363,363,2,1160.66,3189.04,A
364,364,8,2254.45,2193.06,B
365,365,5,2005.38,2079.26,C
366,366,1,1354.87,3061.49,B
367,367,4,1011.52,2724.21,A
368,368,5,2751.78,2135.15,A
369,369,6,1004.56,3979.97,B
370,370,3,1133.0,2370.06,A
371,371,5,1019.4,2148.19,C
372,372,2,1895.68,3286.23,C
373,373,6,1529.85,4366.66,A
374,374,3,897.26,2341.72,A
375,375,3,705.93,2399.56,A
376,376,4,1090.76,2782.83,B
377,377,2,2006.88,3559.04,A
378,378,8,1421.45,2227.39,B
379,379,6,1246.27,4886.15,B
380,380,8,945.3,2278.53,B
381,381,3,2170.2,2328.17,C
382,382,3,1161.54,2377.42,A
383,383,6,627.66,4934.06,A
384,384,1,2279.78,3075.61,A
385,385,7,781.45,6421.79,B
386,386,2,2309.18,3413.25,A
387,387,4,2520.39,2629.31,B
388,388,2,2267.04,3514.98,A
389,389,6,1160.37,4084.0,B
390,390,5,1053.76,2246.73,C
391,391,1,1551.98,3136.14,B
392,392,8,2085.43,2253.83,A
393,393,5,2058.53,2138.08,B
394,394,6,2188.79,4198.03,C
395,395,4,1315.57,3021.35,A
396,396,3,1521.87,2343.75,C
397,397,3,1031.1,2286.0,B
398,398,6,1883.06,4250.52,B
399,399,3,1647.66,2291.19,B
400,400,4,2107.73,3053.25,C
401,401,6,984.65,4229.13,A
402,402,5,2156.56,2202.47,B
403,403,2,741.38,3393.78,C
404,404,6,1498.52,4274.15,B
405,405,6,1497.63,4691.5,B
406,406,1,2031.68,3058.27,B
407,407,6,803.53,4961.11,A
408,408,3,787.41,2328.11,B
409,409,6,916.01,4769.18,B
410,410,8,1235.8,2252.74,C
411,411,6,1506.37,4551.51,C
412,412,1,1930.68,3126.03,C
413,413,2,2297.46,3699.31,C
414,414,4,1351.63,3017.56,C
415,415,4,2400.76,3017.11,C
416,416,5,753.0,2093.76,B
417,417,3,912.72,2406.02,B
418,418,8,1347.76,2130.07,A
419,419,2,2694.34,3705.34,C
420,420,4,1457.57,2674.93,A
421,421,7,509.11,6421.16,A
422,422,3,1365.93,2401.62,A
423,423,1,1236.6,3048.47,C
424,424,1,2685.28,3064.56,A
425,425,5,1872.23,1966.77,C
426,426,3,2251.72,2354.62,B
427,427,1,1116.45,2913.09,A
428,428,8,2123.96,2130.99,C
429,429,7,536.8,6332.63,A
430,430,3,2343.48,2433.64,A
431,431,8,1891.08,2243.76,A
432,432,4,1158.58,2800.03,A
433,433,2,850.09,3209.85,C
434,434,1,2763.0,2893.0,A
435,435,5,2257.08,1995.65,B
436,436,1,2638.14,2888.09,A
437,437,3,743.54,2370.36,C
438,438,5,1784.31,2016.2,C
439,439,3,1733.18,2312.6,B
440,440,4,1245.86,2761.44,C
441,441,6,955.78,4438.81,C
442,442,1,787.73,3121.25,C
443,443,1,2479.31,3128.05,A
444,444,7,1305.27,6547.09,C
445,445,1,1021.22,3116.05,A
446,446,7,760.71,6311.29,C
447,447,3,2002.59,2049.6,C
448,448,5,1417.97,2016.66,B
449,449,8,1638.14,2278.55,B
450,450,5,2248.98,2014.78,B
451,451,2,993.9,3480.55,B
452,452,2,2894.58,3517.91,C
453,453,4,1468.8,2578.7,B
454,454,6,1605.01,4691.3,C
455,455,8,1123.4,2189.9,C
456,456,3,484.5,2267.73,A
457,457,2,1314.31,3459.81,C
458,458,5,732.6,1952.16,A
459,459,3,986.92,2486.38,B
460,460,1,979.65,3060.87,A
461,461,7,1196.75,6313.06,A
462,462,6,1780.87,4650.77,B
463,463,2,1147.5,3609.39,C
464,464,2,2193.7,3209.47,B
465,465,7,1026.13,6215.79,B
466,466,4,2355.99,2448.08,C
467,467,4,1304.98,2880.0,A
468,468,8,1699.33,2215.22,A
469,469,7,1328.39,6158.69,C
470,470,1,1977.73,3252.98,C
471,471,3,818.09,2410.57,B
472,472,2,1200.42,3333.19,B
473,473,8,1183.95,2033.85,C
474,474,6,498.07,4714.61,A
475,475,8,1062.14,2261.73,A
476,476,8,1990.62,2223.73,A
477,477,4,2497.54,2819.39,B
478,478,8,1085.68,2296.39,C
479,479,3,1613.18,2354.77,B
480,480,5,853.35,2037.64,A
481,481,1,1267.38,3243.0,A
482,482,8,633.14,1974.3,B
483,483,6,669.58,4403.48,C
484,484,6,1526.77,4197.2,B
485,485,7,1118.56,7113.99,C
486,486,1,1925.32,2729.9,A
487,487,1,2460.55,3094.5,C
488,488,5,960.19,2022.21,C
489,489,7,591.1,6474.54,C
490,490,1,3221.93,3160.52,C
491,491,2,2769.3,3506.47,C
492,492,4,1877.78,2911.08,C
493,493,5,1414.65,2036.96,A
494,494,4,1210.34,2835.93,C
495,495,8,1737.92,2075.65,C
496,496,7,421.4,7287.78,B
497,497,5,1396.06,2080.57,A
498,498,7,1362.2,7203.61,C
499,499,5,2568.73,2033.32,C
500,500,2,1459.18,3600.93,A
501,501,5,1963.68,2117.65,B
502,502,4,1698.83,2600.04,C
503,503,1,1082.08,3098.68,B
504,504,7,973.89,6425.79,B
505,505,3,715.43,2484.26,B
506,506,8,974.98,2373.88,C
507,507,6,2128.33,4611.55,C
508,508,1,3629.77,2934.34,B
509,509,6,804.83,4530.31,A
510,510,3,1331.79,2419.19,A
511,511,3,1717.21,2212.44,A
512,512,4,1735.23,2776.92,A
513,513,2,1178.54,3597.72,B
514,514,7,1350.79,6409.62,B
515,515,8,1608.06,2256.62,C
516,516,8,780.12,2163.47,A
517,517,1,1169.31,2828.41,C
518,518,6,562.12,5089.1,B
519,519,5,1389.72,2186.53,A
520,520,8,1930.53,2340.87,C
521,521,3,1219.81,2473.52,C
522,522,5,1069.25,2236.52,C
523,523,6,895.95,4639.52,C
524,524,1,1504.76,3097.99,C
525,525,6,972.07,4515.71,B
526,526,2,1344.37,3423.51,A
527,527,4,2509.09,2666.04,C
528,528,4,2036.76,2693.65,B
529,529,5,1140.4,2109.51,C
530,530,1,1496.07,3011.37,B
531,531,4,1938.54,2684.17,B
532,532,7,479.65,6705.67,B
533,533,2,1416.21,3236.06,B
534,534,7,525.18,6775.79,C
535,535,4,1371.18,2615.19,C
536,536,2,1905.86,3636.72,A
537,537,4,2247.34,2638.56,B
538,538,7,978.99,6132.86,B
539,539,1,1086.98,2682.83,B
540,540,3,681.29,2364.89,C
541,541,3,1456.31,2219.84,A
542,542,3,2056.85,2130.58,C
543,543,4,1622.66,2612.47,B
544,544,4,1506.04,2619.83,A
545,545,6,1381.15,5000.18,C
546,546,2,1812.42,3444.83,B
547,547,1,1729.52,2893.33,B
548,548,4,1966.28,2790.6,A
549,549,1,2897.56,3103.36,C
550,550,7,328.16,6244.59,C
551,551,7,329.18,6292.63,B
552,552,4,1571.31,2508.62,C
553,553,2,2591.56,3344.96,C
554,554,4,1700.9,2791.38,B
555,555,4,1110.87,2543.63,A
556,556,4,1006.9,2736.14,A
557,557,8,1797.57,2111.19,C
558,558,1,1864.59,2883.06,A
559,559,2,1783.54,3777.25,B
560,560,6,1217.06,4523.56,C
561,561,5,2140.45,1980.61,C
562,562,1,979.92,2900.23,C
563,563,3,728.52,2433.03,C
564,564,5,670.83,2017.45,B
565,565,4,1670.95,2686.93,A
566,566,2,683.76,3401.8,A
567,567,5,1938.09,2076.05,C
568,568,2,1008.92,3124.4,B
569,569,1,2436.18,2974.54,C
570,570,6,1132.78,4561.32,B
571,571,6,1960.35,4408.02,A
572,572,3,511.52,2344.83,C
573,573,7,645.43,6330.72,A
574,574,7,911.73,6199.88,C
575,575,2,788.99,3204.09,B
576,576,6,1608.98,4534.05,C
577,577,4,1450.2,2379.19,B
578,578,2,3035.99,3297.22,C
579,579,1,1182.53,3217.48,C
580,580,7,683.51,5833.64,B
581,581,6,946.27,4705.62,B
582,582,2,751.06,3373.42,C
583,583,8,1767.49,2130.51,B
584,584,4,1830.75,2740.86,B
585,585,4,1077.55,2562.5,B
586,586,1,1771.1,2859.76,C
587,587,8,2207.74,2270.14,C
588,588,6,1074.58,4465.02,A
589,589,4,1455.51,2760.98,C
590,590,5,1378.95,2109.32,B
591,591,4,745.02,2735.19,C
592,592,3,1776.22,2194.58,C
593,593,8,1328.28,2407.58,B
594,594,4,2060.6,2720.91,A
595,595,5,928.58,2177.28,A
596,596,6,1319.57,4176.49,B
597,597,1,1653.55,2867.15,B
598,598,8,952.21,2169.98,A
599,599,6,1112.21,4226.03,A
600,600,1,1747.73,3161.32,B
601,601,5,2015.93,1968.68,A
602,602,3,733.14,2236.64,C
603,603,4,1696.19,2699.12,A
604,604,4,1631.8,2621.13,C
605,605,1,1732.89,3022.39,B
606,606,6,1506.12,4397.8,B
607,607,6,1108.47,4426.79,A
608,608,4,1795.45,2925.21,A
609,609,7,925.59,5932.05,A
610,610,3,833.76,2198.87,C
611,611,4,2290.09,2686.01,C
612,612,3,671.83,2243.94,C
613,613,7,815.33,6554.57,A
614,614,8,1644.45,2174.43,B
615,615,8,566.4,2248.93,B
616,616,6,932.76,4326.37,A
617,617,4,1509.86,2738.99,C
618,618,1,3353.86,2893.61,B
619,619,8,2365.61,2128.53,A
620,620,3,1199.23,2209.98,B
621,621,8,534.4,2177.56,C
622,622,4,1016.04,2671.77,B
623,623,5,2831.6,2079.03,C
624,624,4,2669.13,2893.63,B
625,625,3,926.53,2324.31,C
626,626,1,2114.13,3401.43,A
627,627,3,1727.97,2294.41,A
628,628,6,1830.04,4024.83,B
629,629,1,2111.85,2895.16,C
630,630,3,599.41,2298.62,B
631,631,8,573.41,2143.49,B
632,632,5,2413.41,2142.12,A
633,633,6,1609.83,4725.3,A
634,634,3,1775.9,2258.15,B
635,635,5,1251.87,2163.16,C
636,636,7,1277.73,6207.89,A
637,637,6,663.47,4050.21,A
638,638,7,807.17,5841.72,A
639,639,1,1601.2,3177.17,A
640,640,2,958.36,3191.63,B
641,641,3,1422.65,2296.64,C
642,642,8,902.53,2217.24,B
643,643,2,2764.93,3345.51,C
644,644,2,2077.9,3469.87,C
645,645,2,1048.3,3411.26,C
646,646,6,2095.29,4760.25,B
647,647,7,1227.02,6508.07,A
648,648,4,1505.26,2680.69,A
649,649,1,1626.78,3182.4,B
650,650,7,576.3,6957.65,C
651,651,1,2765.26,3154.08,B
652,652,7,1301.34,6263.12,C
653,653,5,3175.39,2180.16,A
654,654,1,1358.93,2848.57,A
655,655,1,1410.68,3113.41,A
656,656,4,1480.08,2589.48,A
657,657,2,1619.28,3104.96,B
658,658,7,361.33,6556.78,B
659,659,6,797.0,4680.19,A
660,660,7,1020.54,6260.68,A
661,661,8,1595.41,2346.93,A
662,662,1,1395.51,2774.62,A
663,663,8,746.1,2061.99,C
664,664,8,1492.04,2271.76,A
665,665,8,826.06,2284.17,C
666,666,4,2648.98,2492.94,B
667,667,7,567.08,6320.97,B
668,668,6,1469.15,4615.26,C
669,669,5,1479.99,2087.38,C
670,670,1,3073.15,3018.54,C
671,671,1,1438.06,2767.48,C
672,672,2,1633.98,3261.39,B
673,673,2,2910.31,3233.03,B
674,674,6,1508.36,4084.12,C
675,675,8,1984.83,2282.8,B
676,676,3,1090.09,2158.12,A
677,677,5,1233.12,2056.35,B
678,678,4,1220.64,2607.91,B
679,679,1,2940.5,3032.52,B
680,680,6,1281.43,4643.88,C
681,681,8,1572.31,2360.29,B
682,682,5,1973.4,1889.79,C
683,683,8,855.84,2367.49,C
684,684,1,693.9,3036.03,C
685,685,1,2061.35,3164.7,B
686,686,5,2183.17,1881.79,C
687,687,3,1000.0,2078.27,A
688,688,1,945.91,3093.85,C
689,689,8,590.56,2059.67,A
690,690,4,864.3,2619.99,A
691,691,8,2174.7,2240.71,B
692,692,4,1598.45,2658.4,C
693,693,1,2079.77,2872.04,C
694,694,8,1316.9,2271.53,B
695,695,1,1851.03,2956.8,A
696,696,6,1407.37,4630.61,C
697,697,6,1249.79,4625.24,C
698,698,6,1529.59,4337.31,A
699,699,3,1450.61,2184.02,B
700,700,2,1830.4,3386.84,C
701,701,4,1142.04,2606.94,A
702,702,7,906.49,6170.91,B
703,703,6,1576.68,4855.8,C
704,704,3,1383.67,2315.55,C
705,705,1,2776.51,2969.73,B
706,706,6,770.57,4196.4,C
707,707,8,1124.11,2147.45,A
708,708,4,1230.64,2702.42,A
709,709,7,929.53,6278.96,A
710,710,4,1672.84,2719.03,B
711,711,5,1267.97,1784.31,A
712,712,5,1944.85,1959.7,B
713,713,2,1692.97,3355.42,C
714,714,7,1164.14,6288.16,C
715,715,8,1672.12,2396.12,A
716,716,1,909.38,2983.53,C
717,717,4,1598.12,2690.81,A
718,718,3,1975.84,2273.15,B
719,719,7,661.34,6607.15,C
720,720,1,2106.08,2942.15,A
721,721,8,888.63,2106.5,C
722,722,6,1631.42,4069.08,C
723,723,3,569.47,2320.65,B
724,724,8,1461.93,2390.92,B
725,725,7,686.61,6172.04,A
726,726,6,1197.42,4355.78,B
727,727,6,1410.52,4355.56,A
728,728,7,1273.21,6138.13,A
729,729,7,1259.51,6755.45,C
730,730,4,1639.19,2664.02,B
731,731,8,1906.81,2091.35,B
732,732,8,1117.32,2102.21,B
733,733,6,1036.55,4292.89,B
734,734,7,1017.06,6178.57,C
735,735,4,1174.1,2682.88,C
736,736,2,1123.0,3394.26,A
737,737,5,885.69,2123.5,A
738,738,4,1659.58,2676.09,A
739,739,3,1186.09,2111.34,B
740,740,6,956.98,4799.69,B
741,741,1,2099.59,2812.88,A
742,742,2,1094.84,3290.57,B
743,743,6,2080.78,4712.7,A
744,744,2,2072.02,3680.68,C
745,745,8,2427.86,2323.53,A
746,746,2,837.78,3379.3,C
747,747,8,1814.64,2405.78,A
748,748,7,1099.32,6589.46,B
749,749,8,1006.14,2108.06,C
750,750,4,2131.85,2796.42,C
751,751,3,1285.37,2291.48,C
752,752,5,2749.37,2120.5,C
753,753,4,2118.05,2801.55,C
754,754,3,1139.19,2239.3,A
755,755,1,1386.76,3113.06,B
756,756,3,510.45,2259.48,C
757,757,1,3873.1,3155.46,A
758,758,6,726.4,4457.65,B
759,759,8,1500.5,2151.76,B
760,760,1,2041.25,2609.59,A
761,761,3,1007.81,2242.17,B
762,762,6,1853.5,4512.35,B
763,763,7,1429.06,6591.51,A
764,764,6,871.05,4427.07,B
765,765,7,533.08,6252.45,C
766,766,5,1427.43,1910.94,A
767,767,4,2215.38,2760.32,B
768,768,3,886.36,2117.56,A
769,769,4,800.3,2557.36,C
770,770,5,1047.31,2058.73,B
771,771,6,1360.49,4531.38,B
772,772,5,2013.54,2057.68,C
773,773,5,1974.8,2087.21,A
774,774,5,815.44,2186.5,B
775,775,2,2297.16,3276.63,A
776,776,4,2155.32,2699.85,A
777,777,7,356.56,6004.41,B
778,778,1,1546.19,2983.45,A
779,779,8,1339.69,2260.14,B
780,780,7,839.08,6093.12,B
781,781,7,468.82,6185.74,A
782,782,2,979.06,3554.09,B
783,783,6,1194.45,4352.96,C
784,784,1,3245.05,3011.31,C
785,785,7,447.88,5949.98,A
786,786,1,3675.01,2891.35,C
787,787,2,2924.22,3793.21,C
788,788,5,1935.49,2144.07,A
789,789,1,3321.7,2861.54,C
790,790,6,1477.68,4387.98,A
791,791,3,621.94,2335.54,C
792,792,2,2690.85,3639.08,B
793,793,1,3799.94,2957.63,A
794,794,5,1590.86,1877.54,B
795,795,3,1306.72,2345.15,A
796,796,8,1220.28,2203.98,C
797,797,8,1182.53,2167.56,B
798,798,8,1639.34,2181.17,B
799,799,7,815.2,6402.9,C
800,800,3,1541.15,2224.15,C
801,801,3,1279.33,2367.99,A
802,802,7,897.18,6112.62,B
803,803,5,1965.51,1863.5,B
804,804,4,1560.58,2587.05,A
805,805,6,1855.8,4871.83,C
806,806,4,1876.03,2802.01,C
807,807,4,2343.38,2513.85,C
808,808,8,1698.2,2266.91,A
809,809,7,916.71,6201.95,B
810,810,7,591.74,5989.22,B
811,811,7,867.59,5520.28,A
812,812,1,1963.47,3126.43,A
813,813,7,461.57,5994.28,B
814,814,4,2404.6,2656.25,B
815,815,2,1353.27,3237.51,B
816,816,6,1657.76,4453.79,B
817,817,1,802.43,2915.68,C
818,818,6,940.79,4294.88,C
819,819,6,1391.54,4497.33,C
820,820,5,2168.28,2112.9,A
821,821,4,1946.06,2497.81,A
822,822,7,941.05,6475.88,A
823,823,4,1053.61,2431.99,B
824,824,8,842.33,1989.7,A
825,825,3,967.61,1984.77,B
826,826,3,606.53,2010.68,B
827,827,1,1652.72,3035.14,B
828,828,5,2682.55,1947.14,A
829,829,6,451.57,4289.13,A
830,830,6,609.86,4269.05,A
831,831,5,1852.0,2136.18,C
832,832,4,1654.69,2594.43,C
833,833,1,3067.86,2678.77,C
834,834,5,694.45,2088.32,B
835,835,3,616.89,1976.33,C
836,836,6,689.72,4318.02,A
837,837,8,708.51,2018.26,B
838,838,6,962.76,4304.95,C
839,839,6,803.79,4260.48,B
840,840,4,2024.65,2611.64,A
841,841,4,747.89,2567.88,C
842,842,4,2267.66,2362.29,A
843,843,1,2106.71,2749.68,C
844,844,6,1002.35,4174.18,A
845,845,2,1063.07,3161.44,C
846,846,4,1136.28,2661.21,B
847,847,4,1808.52,2695.54,B
848,848,2,2260.06,3300.59,A
849,849,6,978.21,4371.21,A
850,850,7,735.39,6392.85,C
851,851,1,2593.78,2901.39,A
852,852,3,1927.3,2051.39,A
853,853,2,1980.86,3522.1,C
854,854,5,1939.21,2055.9,B
855,855,8,1422.85,2232.58,C
856,856,1,1609.24,2846.04,B
857,857,3,907.2,2121.3,A
858,858,2,2200.29,3232.18,C
859,859,4,2527.59,2468.32,C
860,860,1,883.64,3146.48,A
861,861,5,2526.16,2010.73,A
862,862,7,708.54,5903.99,C
863,863,5,749.41,1971.22,C
864,864,2,1011.46,3426.63,C
865,865,7,915.83,6023.72,B
866,866,7,727.83,5924.25,A
867,867,1,3513.51,2857.96,B
868,868,2,1066.43,3468.78,C
869,869,1,1026.86,2636.7,C
870,870,4,1012.56,2772.59,B
871,871,4,2089.45,2561.97,C
872,872,4,1874.34,2689.76,A
873,873,1,2024.85,3187.08,A
874,874,2,1645.4,3476.27,A
875,875,3,1684.57,2310.02,B
876,876,3,1161.71,2220.68,B
877,877,2,1102.07,3334.8,B
878,878,2,919.43,3117.84,A
879,879,1,1947.92,3111.03,A
880,880,8,968.71,2067.93,C
881,881,5,2831.01,2074.96,A
882,882,2,1673.02,3049.38,B
883,883,7,901.64,6326.64,A
884,884,7,642.49,5816.94,C
885,885,5,1813.52,1982.15,C
886,886,5,1526.55,1816.61,C
887,887,2,2779.11,3549.56,B
888,888,8,1453.79,2232.73,C
889,889,2,1488.51,3380.33,C
890,890,6,557.93,3947.74,B
891,891,7,727.29,5794.26,B
892,892,2,2362.08,3386.39,C
893,893,6,715.98,4739.9,A
894,894,3,519.34,2261.79,C
895,895,8,585.96,2109.95,B
896,896,7,751.18,6044.56,C
897,897,8,1373.45,2222.84,B
898,898,8,594.34,2170.16,C
899,899,2,1899.57,3425.99,C
900,900,8,1233.51,2278.63,C
901,901,2,1623.99,3512.51,B
902,902,1,1160.66,2939.46,A
903,903,6,1326.81,4110.41,B
904,904,6,627.08,4506.34,A
905,905,5,1406.77,2048.06,A
906,906,4,1114.98,2564.29,C
907,907,8,1291.45,2096.3,C
908,908,5,1269.06,1908.61,C
909,909,1,2138.63,3015.48,A
910,910,1,2151.22,3232.68,A
911,911,1,1811.14,2998.09,A
912,912,6,1056.65,4418.84,A
913,913,1,2712.64,3236.81,B
914,914,2,2497.54,3346.06,B
915,915,3,1863.74,2211.92,B
916,916,7,634.4,5873.48,C
917,917,1,1352.58,3035.63,C
918,918,2,2922.12,3370.33,C
919,919,4,1947.64,2614.36,A
920,920,2,2381.77,3060.82,B
921,921,3,666.21,2412.81,A
922,922,1,1558.77,3026.02,A
923,923,1,2176.16,2969.13,B
924,924,7,789.12,6339.38,C
925,925,7,478.22,6412.06,B
926,926,4,1353.78,2749.85,A
927,927,5,2105.27,2043.99,A
928,928,4,1431.79,2386.14,C
929,929,3,1053.28,2328.06,B
930,930,3,1498.63,2318.4,B
931,931,5,2805.38,1949.84,C
932,932,2,2323.03,3120.17,C
933,933,3,1314.63,2402.84,C
934,934,3,471.32,2397.14,B
935,935,7,1115.03,6499.33,C
936,936,1,1402.84,2923.02,B
937,937,8,1074.31,2183.88,A
938,938,7,581.58,6664.87,B
939,939,3,1181.83,2198.63,A
940,940,5,1058.96,1909.41,C
941,941,4,1181.84,2351.67,B
942,942,1,2326.32,2711.01,B
943,943,2,2913.95,3027.21,B
944,944,2,3330.07,3010.41,A
945,945,1,1194.79,2705.11,C
946,946,7,620.58,6419.75,B
947,947,7,445.29,6612.55,A
948,948,3,1435.83,1999.95,B
949,949,4,836.86,2594.95,B
950,950,4,920.36,2668.72,C
951,951,8,1154.21,2188.11,A
952,952,6,678.3,4453.33,A
953,953,7,827.2,6264.83,A
954,954,5,1075.35,1947.68,A
955,955,7,940.79,6480.44,A
956,956,1,3012.76,2816.81,A
957,957,7,743.96,5899.4,A
958,958,7,1212.6,5847.38,B
959,959,6,1409.07,4465.39,C
960,960,8,1455.31,2079.32,A
961,961,3,466.67,2026.93,B
962,962,2,2469.16,3282.97,C
963,963,4,1847.89,2556.66,B
964,964,4,1288.03,2706.23,A
965,965,5,2358.37,1894.95,C
966,966,8,1770.14,2055.94,A
967,967,2,2228.45,3681.38,C
968,968,2,1558.51,3526.3,A
969,969,8,1044.46,2118.7,C
970,970,4,1362.5,2693.66,B
971,971,5,2106.02,1966.37,C
972,972,8,2441.16,2142.55,B
973,973,2,2876.17,3270.46,B
974,974,3,1574.42,2298.64,A
975,975,5,1593.49,1898.84,B
976,976,7,405.17,6042.99,A
977,977,3,566.74,2171.16,C
978,978,3,619.55,2292.74,B
979,979,2,2062.77,2952.51,C
980,980,1,1726.6,2951.61,C
981,981,6,1226.27,4772.72,C
982,982,5,990.83,1895.54,B
983,983,3,1659.85,2294.51,B
984,984,6,1023.19,4680.48,C
985,985,7,1123.89,5967.02,A
986,986,2,2053.54,3552.57,C
987,987,4,1242.8,2670.53,C
988,988,4,990.71,2575.0,C
989,989,6,1537.25,4386.06,A
990,990,7,1150.72,5922.15,C
991,991,7,811.67,6703.34,C
992,992,7,682.01,6753.5,B
993,993,4,1178.47,2620.25,B
994,994,6,1607.57,4102.57,C
995,995,4,1520.74,2301.09,C
996,996,4,1504.31,2462.34,A
997,997,6,1656.63,4168.81,A
998,998,8,884.28,1980.76,B
999,999,6,612.68,4407.26,C
1000,1000,8,1052.16,2218.79,A
1001,1001,2,695.4,3535.13,B
1002,1002,1,2101.33,2673.43,C
1003,1003,3,1865.83,2223.86,C
1004,1004,8,1538.8,2042.6,A
1005,1005,1,1067.91,3072.56,A
1006,1006,5,3091.27,1908.3,B
1007,1007,8,2199.63,2059.89,B
1008,1008,2,1512.66,3289.75,B
1009,1009,6,1853.97,4131.99,C
1010,1010,4,2461.97,2500.36,B
1011,1011,7,1150.89,6337.58,C
1012,1012,6,971.45,5083.91,C
1013,1013,6,1027.6,4661.15,C
1014,1014,4,1058.68,2256.66,C
1015,1015,4,1911.18,2294.87,C
1016,1016,8,1466.05,2133.91,A
1017,1017,1,2469.08,2746.09,B
1018,1018,4,1224.32,2777.83,A
1019,1019,7,833.52,6439.28,C
1020,1020,3,1409.47,2257.3,B
1021,1021,4,1319.35,2348.53,A
1022,1022,5,1227.03,2029.24,B
1023,1023,3,1407.87,2145.58,B
1024,1024,6,2122.81,4246.81,B
1025,1025,1,1448.69,2708.43,A
1026,1026,1,3375.55,2907.7,C
1027,1027,1,2636.49,3021.53,A
1028,1028,2,905.37,3281.63,B
1029,1029,3,1137.78,2120.88,C
1030,1030,4,1931.17,2618.97,C
1031,1031,5,1643.89,1867.2,B
1032,1032,7,1414.6,6095.16,B
1033,1033,4,2421.29,2696.76,B
1034,1034,2,2783.44,3213.59,A
1035,1035,7,1066.41,5716.88,C
1036,1036,1,1288.2,2755.66,C
1037,1037,7,1023.05,6410.48,A
1038,1038,1,2046.21,2727.47,C
1039,1039,4,1984.83,2386.37,B
1040,1040,2,1216.01,3266.45,C
1041,1041,8,1329.29,2069.68,A
1042,1042,5,2045.54,1960.48,B
1043,1043,1,1207.14,2626.3,A
1044,1044,4,812.1,2513.98,A
1045,1045,8,1479.78,2109.24,A
1046,1046,4,1150.85,2661.48,A
1047,1047,8,1267.78,2080.23,A
1048,1048,1,1943.83,2667.05,A
1049,1049,2,2317.4,3175.7,C
1050,1050,6,1595.97,4878.76,B
1051,1051,2,2134.72,3258.22,C
1052,1052,3,1110.19,2218.61,A
1053,1053,2,1220.32,3247.54,B
1054,1054,7,1028.69,5864.1,C
1055,1055,1,3244.52,3195.66,A
1056,1056,6,901.33,4161.65,A
1057,1057,4,2432.96,2581.98,C
1058,1058,1,2527.47,2775.76,A
1059,1059,3,1124.42,2162.03,B
1060,1060,6,528.84,4614.12,B
1061,1061,2,1037.16,3103.02,B
1062,1062,3,703.81,2088.95,A
1063,1063,5,1561.27,1940.36,A
1064,1064,2,2288.81,3241.17,C
1065,1065,1,1495.4,2783.0,A
1066,1066,2,2437.97,3435.4,B
1067,1067,1,2478.2,2776.29,C
1068,1068,3,1563.42,2070.64,C
1069,1069,5,1808.93,1903.46,B
1070,1070,6,1045.66,4536.11,C
1071,1071,8,1171.01,2081.93,A
1072,1072,6,1571.1,4605.34,C
1073,1073,2,1225.86,3308.3,B
1074,1074,8,1079.5,2199.72,B
1075,1075,4,1733.83,2672.65,C
1076,1076,1,3604.42,2885.63,C
1077,1077,6,2113.52,4649.91,B
1078,1078,1,1195.5,2877.04,C
1079,1079,2,2443.89,3261.78,A
1080,1080,3,1556.31,2242.57,A
1081,1081,4,943.37,2465.29,A
1082,1082,7,1366.82,6746.16,B
1083,1083,1,1104.2,2961.5,B
1084,1084,2,914.69,3344.54,B
1085,1085,8,1502.67,2260.62,B
1086,1086,1,834.89,2939.57,C
1087,1087,7,807.49,6532.63,A
1088,1088,2,2411.82,3560.02,C
1089,1089,8,791.65,2187.44,B
1090,1090,3,1398.34,1928.56,A
1091,1091,1,1716.37,3121.81,A
1092,1092,2,1235.0,3348.77,B
1093,1093,4,1871.07,2611.69,A
1094,1094,6,939.71,3937.34,B
1095,1095,1,3638.73,2690.78,C
1096,1096,6,1091.88,4221.92,B
1097,1097,7,898.36,5955.68,B
1098,1098,6,1297.0,4221.34,C
1099,1099,3,1657.42,2012.53,A
1100,1100,1,1544.07,2902.2,B
1101,1101,7,936.91,5927.34,B
1102,1102,1,2735.19,3071.73,A
1103,1103,7,624.01,6174.95,A
1104,1104,1,2564.77,2910.81,B
1105,1105,6,1178.4,4301.45,B
1106,1106,7,436.34,6258.17,C
1107,1107,3,1207.21,2376.64,B
1108,1108,1,1242.52,2730.97,C
1109,1109,8,1620.8,2258.7,B
1110,1110,4,995.96,2525.5,C
1111,1111,8,1537.14,2321.74,C
1112,1112,3,1164.03,2264.55,C
1113,1113,4,1324.03,2517.45,C
1114,1114,5,1544.41,2017.21,C
1115,1115,2,1462.28,3232.22,B
1116,1116,6,1126.77,4317.39,C
1117,1117,7,1441.29,6255.0,A
1118,1118,3,2276.21,2256.07,C
1119,1119,1,3452.03,2991.43,C
1120,1120,4,1226.68,2723.42,A
1121,1121,5,1731.74,1753.91,B
1122,1122,3,1723.91,2171.99,C
1123,1123,2,1588.95,3298.07,B
1124,1124,2,2512.31,3350.91,B
1125,1125,1,1201.17,2998.3,A
1126,1126,7,811.82,6427.75,C
1127,1127,5,1415.51,1699.21,B
1128,1128,6,1688.82,4396.44,C
1129,1129,1,1490.43,3033.59,B
1130,1130,7,853.61,6107.54,B
1131,1131,4,1787.49,2413.78,B
1132,1132,4,1897.88,2406.94,B
1133,1133,1,1176.38,2636.19,A
1134,1134,6,1213.61,4378.67,C
1135,1135,1,2189.81,2999.72,A
1136,1136,3,1389.01,2197.3,C
1137,1137,4,1514.37,2373.38,C
1138,1138,4,2134.31,2388.36,C
1139,1139,4,693.92,2478.88,C
1140,1140,7,697.18,5913.95,B
1141,1141,8,1040.96,2189.5,A
1142,1142,6,1455.66,4081.93,C
1143,1143,2,2877.66,2825.75,C
1144,1144,6,1305.65,4256.02,A
1145,1145,4,1833.54,2351.47,A
1146,1146,8,1743.31,2042.81,B
1147,1147,7,316.13,5814.53,B
1148,1148,5,2086.23,2089.22,A
1149,1149,7,1097.82,5775.36,B
1150,1150,6,514.36,4361.53,B
1151,1151,4,1682.25,2555.02,A
1152,1152,7,1119.14,6270.68,A
1153,1153,2,1213.92,3451.91,C
1154,1154,1,2045.58,2729.51,B
1155,1155,5,1960.05,1873.57,A
1156,1156,4,1133.38,2437.11,C
1157,1157,4,2354.78,2725.08,C
1158,1158,7,1219.76,6225.85,B
1159,1159,4,1438.66,2655.46,B
1160,1160,4,2529.31,2471.62,B
1161,1161,4,2541.4,2728.29,C
1162,1162,8,877.35,2082.89,A
1163,1163,8,1127.68,2027.73,C
1164,1164,4,973.85,2704.29,A
1165,1165,3,1445.05,2224.77,A
1166,1166,5,927.41,1899.37,C
1167,1167,4,1655.51,2664.29,B
1168,1168,6,1153.1,4445.9,A
1169,1169,5,1841.73,1968.68,B
1170,1170,4,1596.28,2685.94,B
1171,1171,7,1006.37,6248.46,B
1172,1172,2,2395.09,3144.11,B
1173,1173,4,1145.04,2452.45,A
1174,1174,5,2032.25,2048.33,C
1175,1175,4,2547.65,2693.78,A
1176,1176,3,632.38,2179.92,B
1177,1177,2,976.63,3120.39,A
1178,1178,2,1384.14,3096.84,C
1179,1179,6,1042.01,4310.96,A
1180,1180,4,1467.19,2685.46,B
1181,1181,4,853.66,2498.21,C
1182,1182,5,2820.69,1857.64,B
1183,1183,6,1790.76,4386.58,B
1184,1184,7,1255.45,6285.18,C
1185,1185,8,1591.11,2118.62,A
1186,1186,1,1244.43,3078.51,C
1187,1187,1,1890.6,2711.4,A
1188,1188,1,2137.29,2752.75,C
1189,1189,5,2138.03,1857.11,B
1190,1190,1,2784.04,2664.96,A
1191,1191,8,1723.65,2123.28,A
1192,1192,3,1382.31,2136.52,A
1193,1193,1,2521.48,2678.47,C
1194,1194,8,639.93,1965.87,C
1195,1195,1,2974.16,2989.36,A
1196,1196,8,2363.25,2267.63,B
1197,1197,6,1090.25,4495.97,C
1198,1198,2,1933.46,3352.46,A
1199,1199,1,1860.55,3021.51,A
1200,1200,6,1755.47,4195.15,B
1201,1201,3,1033.84,2066.17,A
1202,1202,6,1603.76,4430.44,C
1203,1203,6,1545.26,4822.61,B
1204,1204,8,1233.34,1972.21,A
1205,1205,7,450.45,6340.99,B
1206,1206,8,1771.29,1953.87,B
1207,1207,2,1695.33,3285.16,C
1208,1208,3,821.02,2370.89,C
1209,1209,3,2186.08,2065.65,A
1210,1210,6,882.13,4908.62,B
1211,1211,5,856.73,1978.07,A
1212,1212,8,1637.28,2270.03,A
1213,1213,7,720.92,6005.95,C
1214,1214,7,642.99,5874.93,B
1215,1215,1,3214.67,2984.86,A
1216,1216,8,1062.64,2275.14,C
1217,1217,4,2356.35,2304.34,C
1218,1218,4,1190.12,2548.54,C
1219,1219,2,1544.46,3273.3,C
1220,1220,6,1390.71,4104.21,C
1221,1221,7,797.99,5923.79,A
1222,1222,1,2354.56,2772.09,B
1223,1223,3,955.42,2074.94,B
1224,1224,2,2303.22,3310.61,C
1225,1225,5,2517.58,1967.4,B
1226,1226,2,1987.4,3096.56,A
1227,1227,4,1035.21,2477.02,C
1228,1228,4,1523.65,2339.63,B
1229,1229,4,1234.92,2503.17,A
1230,1230,3,1106.04,2106.7,A
1231,1231,4,867.06,2662.63,B
1232,1232,2,3122.26,3222.08,C
1233,1233,3,1203.94,2135.42,B
1234,1234,1,2974.45,2907.61,B
1235,1235,3,776.1,2129.95,B
1236,1236,5,800.29,1890.92,C
1237,1237,1,1910.23,2840.12,A
1238,1238,3,1179.96,2130.49,A
1239,1239,1,1143.27,2863.79,C
1240,1240,7,495.65,6594.51,B
1241,1241,7,1319.69,5156.05,A
1242,1242,6,1515.76,3924.78,B
1243,1243,6,972.34,4523.14,B
1244,1244,3,923.91,2202.32,A
1245,1245,2,1585.72,3490.2,A
1246,1246,2,1689.56,3184.56,C
1247,1247,2,2344.23,3217.94,C
1248,1248,7,930.17,6391.07,B
1249,1249,8,1315.05,1926.41,C
1250,1250,7,977.13,5749.39,C
1251,1251,4,1891.8,2386.61,B
1252,1252,5,1238.07,1984.89,B
1253,1253,1,1291.4,2881.69,A
1254,1254,6,1594.76,4366.22,A
1255,1255,6,1181.75,4462.76,B
1256,1256,7,690.52,6137.28,A
1257,1257,6,1866.47,4314.94,B
1258,1258,1,708.56,2718.0,C
1259,1259,1,2918.93,3131.58,C
1260,1260,2,1266.92,3306.63,C
1261,1261,4,1296.64,2836.0,A
1262,1262,6,1337.07,4386.1,A
1263,1263,5,2178.4,1970.93,A
1264,1264,6,1506.39,4252.72,A
1265,1265,4,988.75,2423.97,B
1266,1266,7,953.94,6250.16,A
1267,1267,6,645.3,4378.09,A
1268,1268,5,2488.4,2152.9,A
1269,1269,6,472.01,3676.6,C
1270,1270,3,689.89,2071.12,B
1271,1271,2,1908.0,3108.86,C
1272,1272,6,1723.76,3895.4,B
1273,1273,7,658.78,5993.33,C
1274,1274,8,725.92,2065.15,A
1275,1275,8,1331.85,1999.1,C
1276,1276,8,1309.43,2178.61,B
1277,1277,7,995.59,5913.9,C
1278,1278,7,657.79,5939.36,B
1279,1279,6,1983.72,4050.58,A
1280,1280,5,1920.48,1800.83,C
1281,1281,5,2297.14,1893.63,A
1282,1282,1,2120.43,3026.26,B
1283,1283,1,1762.93,2824.62,A
1284,1284,1,2403.42,3031.53,C
1285,1285,5,2278.19,1776.39,A
1286,1286,6,1422.93,3674.77,B
1287,1287,7,1175.14,6006.61,C
1288,1288,5,2074.56,1884.77,B
1289,1289,6,1572.96,4279.66,C
1290,1290,3,1449.33,2093.88,C
1291,1291,3,1372.63,2133.52,B
1292,1292,3,2067.0,2115.02,C
1293,1293,6,845.62,4464.24,C
1294,1294,6,1415.21,4417.88,A
1295,1295,4,1064.92,2384.99,B
1296,1296,8,557.42,2023.6,C
1297,1297,7,484.86,6364.17,C
1298,1298,4,2480.65,2370.46,C
1299,1299,5,1516.98,1902.55,C
1300,1300,2,1681.56,3367.95,A
1301,1301,6,1231.05,3940.43,C
1302,1302,5,2301.87,1798.07,A
1303,1303,8,1675.22,1976.64,B
1304,1304,3,1857.75,2040.73,C
1305,1305,1,1102.68,2537.62,B
1306,1306,4,2026.21,2307.21,B
1307,1307,4,2183.32,2362.8,C
1308,1308,2,1763.97,3073.63,B
1309,1309,8,1094.74,2050.79,B
1310,1310,6,1395.17,4466.13,B
1311,1311,1,1474.36,2668.57,A
1312,1312,7,965.47,5482.22,C
1313,1313,3,2069.47,2266.89,B
1314,1314,1,1579.77,2868.98,A
1315,1315,4,994.84,2563.9,A
1316,1316,6,1541.22,4761.28,B
1317,1317,5,1081.05,1878.08,A
1318,1318,6,912.63,4226.4,C
1319,1319,1,1155.13,2686.48,A
1320,1320,5,742.23,1951.42,C
1321,1321,8,892.04,2131.77,C
1322,1322,4,1322.57,2556.53,A
1323,1323,3,1457.99,2218.27,A
1324,1324,1,3378.85,2674.31,B
1325,1325,3,2117.13,2262.32,A
1326,1326,3,1318.53,2282.1,A
1327,1327,3,715.12,2157.23,B
1328,1328,8,1740.01,2037.54,B
1329,1329,4,1722.93,2513.41,B
1330,1330,3,442.08,2053.93,C
1331,1331,2,901.39,2986.18,A
1332,1332,2,925.16,3015.38,B
1333,1333,6,1345.84,4257.09,A
1334,1334,6,788.78,4125.71,C
1335,1335,8,1866.39,2137.62,C
1336,1336,8,1641.08,2012.37,B
1337,1337,5,1486.17,1960.0,A
1338,1338,3,1684.26,2280.9,A
1339,1339,3,2217.46,2051.04,C
1340,1340,6,843.61,4494.2,A
1341,1341,5,2254.88,1723.2,A
1342,1342,2,2523.86,3116.47,C
1343,1343,7,1559.17,5795.88,C
1344,1344,2,1950.63,3020.96,C
1345,1345,2,2795.02,3167.67,A
1346,1346,4,2408.39,2411.3,A
1347,1347,6,905.13,4484.14,B
1348,1348,7,1105.25,5612.59,B
1349,1349,5,1300.01,1884.31,C
1350,1350,3,1785.2,2030.96,B
1351,1351,3,724.97,2333.57,A
1352,1352,4,1527.17,2480.47,B
1353,1353,4,1938.12,2537.09,C
1354,1354,7,735.32,5611.07,B
1355,1355,6,743.96,4283.13,B
1356,1356,5,2328.77,1838.87,B
1357,1357,7,1098.88,6227.82,C
1358,1358,6,1722.71,4199.96,C
1359,1359,8,855.95,2194.61,A
1360,1360,6,650.0,4372.39,B
1361,1361,4,1299.61,2571.87,B
1362,1362,1,2320.85,2551.57,B
1363,1363,3,1371.98,2180.68,B
1364,1364,7,673.01,6023.71,C
1365,1365,3,1537.21,2122.84,C
1366,1366,7,823.46,6104.99,A
1367,1367,3,670.56,2203.78,B
1368,1368,4,835.09,2202.37,A
1369,1369,2,1683.33,3404.96,C
1370,1370,6,1270.42,4694.71,B
1371,1371,8,1549.02,2092.7,B
1372,1372,4,2141.41,2203.34,C
1373,1373,3,1939.21,2146.9,B
1374,1374,2,2545.12,3161.81,A
1375,1375,5,1013.86,1779.71,A
1376,1376,2,1356.61,3357.05,C
1377,1377,6,658.74,3584.9,B
1378,1378,3,1631.68,2266.07,B
1379,1379,1,2289.46,2744.26,C
1380,1380,7,1056.44,5693.87,C
1381,1381,7,1084.62,5596.28,A
1382,1382,3,430.48,2236.06,C
1383,1383,2,3066.85,3482.18,A
1384,1384,7,995.51,5761.1,A
1385,1385,2,1883.18,3290.61,C
1386,1386,5,755.9,1953.32,A
1387,1387,5,1973.85,1796.52,A
1388,1388,7,899.45,5996.74,B
1389,1389,3,1075.48,2224.95,B
1390,1390,1,1128.77,2878.57,B
1391,1391,2,2025.74,3102.25,B
1392,1392,7,409.12,5934.91,A
1393,1393,6,1875.5,3994.55,B
1394,1394,2,1006.78,3091.88,A
1395,1395,7,838.33,6213.17,B
1396,1396,3,1722.31,2152.92,C
1397,1397,3,1373.85,2127.14,C
1398,1398,4,1372.22,2403.02,B
1399,1399,2,1292.28,3208.88,B
1400,1400,6,1239.57,3967.94,A
1401,1401,2,1481.57,3162.61,A
1402,1402,6,771.61,4003.42,A
1403,1403,4,1862.24,2453.85,B
1404,1404,5,2180.25,1892.1,B
1405,1405,2,2021.51,3113.42,B
1406,1406,7,826.32,5870.37,C
1407,1407,5,1260.74,1789.7,B
1408,1408,8,496.58,2188.53,C
1409,1409,8,1241.6,2073.73,B
1410,1410,7,1091.52,5700.12,A
1411,1411,1,3143.98,2697.52,C
1412,1412,1,1076.78,2779.31,A
1413,1413,7,1171.26,5715.61,C
1414,1414,7,875.62,5995.3,B
1415,1415,7,1181.6,5697.48,C
1416,1416,4,737.21,2540.09,C
1417,1417,8,929.42,2055.58,B
1418,1418,2,1985.3,3013.0,B
1419,1419,4,1859.8,2448.67,A
1420,1420,6,985.12,4261.72,A
1421,1421,4,2343.09,2544.43,C
1422,1422,6,499.76,4234.69,C
1423,1423,6,757.46,4303.53,B
1424,1424,2,1618.58,3055.82,A
1425,1425,4,1224.6,2556.21,B
1426,1426,6,1654.59,4467.72,A
1427,1427,8,677.45,2097.93,C
1428,1428,1,2998.06,2892.02,C
1429,1429,8,1086.06,2143.63,B
1430,1430,7,494.6,5905.91,A
1431,1431,1,2752.64,2557.94,B
1432,1432,2,1014.45,3003.93,B
1433,1433,7,1000.72,6005.93,A
1434,1434,1,1832.32,2518.29,B
1435,1435,8,715.05,2208.09,C
1436,1436,5,2573.29,1708.27,C
1437,1437,5,2007.08,1835.5,C
1438,1438,2,689.67,3021.99,A
1439,1439,1,2904.78,2956.76,B
1440,1440,6,1396.66,3854.71,A
1441,1441,8,1209.42,2274.91,A
1442,1442,8,875.29,2298.01,A
1443,1443,7,661.11,5999.5,A
1444,1444,1,3844.24,3020.06,B
1445,1445,7,1104.54,6536.08,C
1446,1446,1,1512.27,3119.06,A
1447,1447,8,2384.67,1931.97,C
1448,1448,7,583.32,5962.76,C
1449,1449,7,955.18,6485.95,A
1450,1450,8,2231.94,2180.97,A
1451,1451,4,749.17,2519.65,A
1452,1452,8,958.16,2084.68,C
1453,1453,6,1384.1,4201.23,C
1454,1454,6,1324.38,4324.12,A
1455,1455,7,1029.0,5416.04,C
1456,1456,2,2280.05,3159.26,C
1457,1457,4,1943.62,2383.98,B
1458,1458,1,1745.12,3002.11,C
1459,1459,2,1145.78,3256.31,A
1460,1460,6,1359.7,4223.47,B
1461,1461,7,669.43,5866.49,B
1462,1462,8,2404.83,2255.71,C
1463,1463,1,3184.41,2972.86,A
1464,1464,8,1389.01,2038.65,A
1465,1465,1,2384.26,2737.07,A
1466,1466,7,688.19,5991.78,B
1467,1467,7,1197.62,6635.03,A
1468,1468,4,895.59,2428.15,A
1469,1469,5,822.8,1841.45,C
1470,1470,6,1110.84,4137.7,A
1471,1471,1,3595.31,2991.7,B
1472,1472,2,2296.18,3085.78,A
1473,1473,5,2189.88,1878.2,A
1474,1474,6,693.5,4358.01,C
1475,1475,5,1473.26,2014.88,B
1476,1476,1,879.61,2732.51,C
1477,1477,6,834.23,4027.62,C
1478,1478,1,2133.45,2792.21,B
1479,1479,6,856.62,4212.42,C
1480,1480,3,2294.67,2083.11,B
1481,1481,7,1109.49,5922.66,B
1482,1482,3,982.31,2109.08,B
1483,1483,5,1381.16,1877.38,A
1484,1484,4,2114.84,2413.47,C
1485,1485,6,1065.58,4263.71,C
1486,1486,8,1484.66,2205.92,C
1487,1487,1,1644.33,2724.4,C
1488,1488,4,1675.75,2511.09,B
1489,1489,1,1716.26,2720.65,A
1490,1490,7,1006.86,6023.89,A
1491,1491,6,969.62,4143.56,B
1492,1492,4,2039.82,2503.13,C
1493,1493,7,596.39,5608.38,B
1494,1494,7,391.39,6060.9,C
1495,1495,1,2261.77,2793.06,A
1496,1496,2,1587.72,3361.02,C
1497,1497,2,919.28,3151.52,B
1498,1498,2,772.93,3124.01,B
1499,1499,7,1338.56,5663.58,A
1500,1500,3,1116.41,2148.39,A
1501,1501,6,1995.09,4377.07,B
1502,1502,7,1152.66,5900.45,A
1503,1503,7,651.46,5968.73,C
1504,1504,6,627.19,4649.6,A
1505,1505,7,728.4,5689.48,C
1506,1506,7,644.06,6106.34,B
1507,1507,5,1628.26,1984.94,B
1508,1508,4,1955.57,2821.18,C
1509,1509,3,1905.34,2196.25,B
1510,1510,2,799.19,2912.93,B
1511,1511,7,886.45,5744.91,C
1512,1512,5,1396.77,1948.74,B
1513,1513,5,2766.38,1923.29,B
1514,1514,5,1968.32,1910.73,A
1515,1515,6,1295.7,4267.38,A
1516,1516,4,2299.45,2499.57,B
1517,1517,5,1812.27,1704.64,A
1518,1518,6,1130.52,3960.12,B
1519,1519,8,2279.93,2050.19,C
1520,1520,2,1176.58,3052.18,A
1521,1521,8,1748.26,1975.27,C
1522,1522,3,733.9,1981.67,B
1523,1523,5,699.62,1859.81,C
1524,1524,8,2356.58,2102.56,C
1525,1525,1,1570.53,2942.12,B
1526,1526,8,1122.73,2004.42,C
1527,1527,8,1386.5,2021.56,B
1528,1528,3,920.52,2076.31,C
1529,1529,1,1175.29,3124.3,A
1530,1530,5,1470.66,1900.18,B
1531,1531,6,787.75,4500.18,B
1532,1532,5,2795.89,1976.14,A
1533,1533,5,2783.04,1984.66,B
1534,1534,8,526.45,2005.78,A
1535,1535,1,1738.58,2889.42,C
1536,1536,2,1478.21,2779.01,C
1537,1537,8,1032.55,2091.16,C
1538,1538,8,1952.56,2108.5,A
1539,1539,4,1908.22,2500.16,A
1540,1540,8,1668.46,2100.9,C
1541,1541,8,1805.78,2222.19,C
1542,1542,7,832.28,6382.79,B
1543,1543,8,880.58,2219.8,A
1544,1544,7,419.22,5973.95,B
1545,1545,4,2527.1,2445.88,A
1546,1546,2,2134.68,3020.17,A
1547,1547,7,1512.09,6367.69,A
1548,1548,1,2065.51,2709.33,B
1549,1549,1,1438.09,2916.01,B
1550,1550,6,1252.7,4114.0,A
1551,1551,5,2141.82,1936.39,A
1552,1552,6,844.36,4035.19,A
1553,1553,3,1892.62,1912.81,B
1554,1554,5,1909.88,1916.22,B
1555,1555,1,901.16,2836.72,A
1556,1556,5,1117.19,2012.21,B
1557,1557,7,804.42,5816.32,A
1558,1558,8,998.58,2285.9,C
1559,1559,8,1719.49,2103.45,B
1560,1560,6,933.88,4035.33,B
1561,1561,4,1717.6,2405.26,C
1562,1562,2,2155.28,3265.98,C
1563,1563,3,1509.43,2145.04,A
1564,1564,5,2576.09,1920.38,B
1565,1565,7,500.63,6231.22,B
1566,1566,6,1338.32,3904.41,C
1567,1567,7,407.41,5704.88,A
1568,1568,1,1072.41,2567.0,B
1569,1569,6,591.93,4199.1,A
1570,1570,4,667.73,2629.81,B
1571,1571,4,730.53,2496.72,B
1572,1572,5,1333.45,1907.33,C
1573,1573,2,1895.16,3157.27,C
1574,1574,4,1532.55,2620.4,C
1575,1575,3,1318.9,2342.07,A
1576,1576,5,2325.89,1919.97,C
1577,1577,6,1114.63,3744.0,C
1578,1578,7,551.18,5799.94,C
1579,1579,8,1075.22,2106.56,A
1580,1580,5,2163.94,1870.47,B
1581,1581,8,927.88,2067.73,A
1582,1582,4,2080.05,2438.38,B
1583,1583,2,2694.01,2947.67,A
1584,1584,6,1118.83,4093.78,B
1585,1585,4,1709.0,2463.51,A
1586,1586,6,1473.66,3932.44,B
1587,1587,4,2095.43,2610.16,A
1588,1588,8,1634.67,1920.53,B
1589,1589,5,1059.76,1775.07,C
1590,1590,6,1311.71,4506.25,C
1591,1591,4,2403.07,2559.85,B
1592,1592,3,1840.66,2015.66,A
1593,1593,1,2073.86,2865.05,B
1594,1594,1,1876.63,2899.51,C
1595,1595,8,537.61,1759.73,C
1596,1596,5,864.38,1797.53,B
1597,1597,7,676.18,5908.29,A
1598,1598,4,877.7,2356.51,A
1599,1599,7,1480.85,6188.53,B
1600,1600,1,3455.56,2757.71,C
1601,1601,1,2153.56,2805.57,C
1602,1602,8,971.61,2025.34,B
1603,1603,5,1762.6,1739.34,A
1604,1604,2,1653.94,3046.92,A
1605,1605,4,2551.17,2483.6,B
1606,1606,4,1825.11,2494.38,C
1607,1607,6,645.54,4203.69,C
1608,1608,1,1062.92,2811.35,A
1609,1609,8,1238.09,2038.6,A
1610,1610,6,1649.33,4254.01,A
1611,1611,6,1381.49,4239.35,C
1612,1612,3,2226.4,1989.48,B
1613,1613,7,830.83,5613.99,B
1614,1614,6,1706.1,4108.54,C
1615,1615,5,2323.15,1908.04,A
1616,1616,5,2187.62,1901.35,B
1617,1617,8,1377.55,1856.0,C
1618,1618,2,2671.51,3037.85,B
1619,1619,5,2596.89,2025.05,A
1620,1620,4,1522.81,2448.25,A
1621,1621,3,1415.42,2010.22,C
1622,1622,8,1361.38,2023.12,C
1623,1623,3,1814.45,2210.03,A
1624,1624,6,683.93,4192.34,A
1625,1625,7,768.02,6135.67,C
1626,1626,8,1012.32,2201.21,A
1627,1627,7,1109.65,5829.9,C
1628,1628,8,1891.84,2020.86,A
1629,1629,5,1907.44,1826.36,B
1630,1630,2,2145.74,3101.13,B
1631,1631,6,693.1,4040.17,A
1632,1632,5,1185.96,1847.81,A
1633,1633,2,1694.45,3214.91,A
1634,1634,1,1528.56,3162.97,C
1635,1635,8,1568.19,2071.09,C
1636,1636,6,1223.61,4183.71,C
1637,1637,4,713.99,2418.36,B
1638,1638,4,2007.19,2452.8,A
1639,1639,3,1524.19,1994.17,C
1640,1640,3,1449.36,1945.45,B
1641,1641,7,1002.95,5825.37,A
1642,1642,5,2511.7,1828.47,C
1643,1643,1,3259.2,2636.71,C
1644,1644,5,2814.69,1862.17,B
1645,1645,1,2952.76,2645.1,C
1646,1646,4,1208.67,2457.22,A
1647,1647,2,1011.07,3020.41,B
1648,1648,5,978.91,1882.47,A
1649,1649,5,1307.6,1830.86,B
1650,1650,2,1451.72,3401.79,B
1651,1651,7,359.8,6196.85,B
1652,1652,4,1298.97,2348.92,A
1653,1653,1,2408.24,2851.2,C
1654,1654,6,785.34,3992.95,A
1655,1655,1,2857.47,2653.15,A
1656,1656,2,1462.98,2841.42,C
1657,1657,7,537.51,5925.43,B
1658,1658,7,1428.59,5994.67,C
1659,1659,1,2184.06,2935.54,B
1660,1660,4,966.38,2386.3,C
1661,1661,4,1080.28,2571.51,A
1662,1662,8,1154.26,2014.04,B
1663,1663,8,1816.81,2036.61,A
1664,1664,5,1461.82,1854.38,B
1665,1665,3,588.01,2077.41,B
1666,1666,4,1806.44,2589.63,C
1667,1667,5,2378.89,1685.26,B
1668,1668,6,972.99,4149.04,A
1669,1669,5,895.51,1674.64,B
1670,1670,6,1636.79,3669.04,B
1671,1671,6,1727.56,3823.18,B
1672,1672,7,991.92,5764.41,B
1673,1673,7,408.6,5486.78,A
1674,1674,6,1851.02,4368.65,A
1675,1675,1,3441.02,2977.75,A
1676,1676,6,1071.73,3702.5,C
1677,1677,5,816.6,1883.49,C
1678,1678,7,377.3,5540.33,A
1679,1679,1,2664.6,2862.95,C
1680,1680,3,1514.72,1906.5,C
1681,1681,6,1241.69,4190.98,C
1682,1682,1,2268.27,2807.61,A
1683,1683,5,1041.67,1945.35,A
1684,1684,3,1772.18,2091.79,B
1685,1685,5,1719.82,1843.79,B
1686,1686,6,1479.77,3928.79,B
1687,1687,4,1207.26,2694.73,C
1688,1688,1,2161.1,2619.9,A
1689,1689,8,1505.7,1887.16,C
1690,1690,1,1831.85,2678.24,C
1691,1691,8,806.35,1985.66,A
1692,1692,4,2203.2,2701.01,C
1693,1693,2,3236.73,3159.83,B
1694,1694,3,1048.79,2274.42,C
1695,1695,1,2249.29,2542.29,A
1696,1696,6,1183.32,4218.62,C
1697,1697,8,1532.09,1956.25,C
1698,1698,6,1145.6,4243.24,A
1699,1699,1,1670.19,2697.16,B
1700,1700,6,854.06,4090.41,B
1701,1701,7,505.94,6157.1,B
1702,1702,6,1416.74,4228.17,B
1703,1703,3,983.29,2215.95,B
1704,1704,1,2107.74,2644.77,A
1705,1705,4,1347.88,2649.35,A
1706,1706,6,2085.87,4183.13,B
1707,1707,3,1251.19,2018.98,B
1708,1708,8,1299.76,2007.05,C
1709,1709,6,1477.27,4133.09,A
1710,1710,6,993.13,4276.04,A
1711,1711,1,3205.94,2630.03,C
1712,1712,1,2879.98,2779.13,C
1713,1713,8,1084.27,2030.19,B
1714,1714,7,1097.04,5537.89,C
1715,1715,6,1877.8,3834.6,A
1716,1716,3,537.25,2141.17,C
1717,1717,2,1584.98,3196.16,B
1718,1718,1,1971.69,2815.35,B
1719,1719,6,1445.61,3847.61,A
1720,1720,7,645.59,6473.51,C
1721,1721,8,1602.21,2076.85,C
1722,1722,2,2120.17,2879.5,A
1723,1723,2,1071.17,2937.57,B
1724,1724,7,684.85,5869.71,A
1725,1725,1,976.12,2823.89,A
1726,1726,2,1477.83,3312.2,B
1727,1727,2,1097.34,2936.21,B
1728,1728,4,1113.78,2494.45,B
1729,1729,2,1550.2,2789.37,A
1730,1730,2,2730.16,2840.17,C
1731,1731,5,1562.91,1847.76,B
1732,1732,7,969.23,6374.22,A
1733,1733,2,1317.09,2815.39,C
1734,1734,1,2494.7,2446.37,B
1735,1735,8,1866.17,2095.62,B
1736,1736,6,1049.47,4135.52,C
1737,1737,4,2121.29,2268.85,B
1738,1738,3,1912.18,2053.86,A
1739,1739,6,1373.27,3949.41,A
1740,1740,4,741.08,2243.7,A
1741,1741,4,1795.99,2400.99,A
1742,1742,6,608.68,4127.47,B
1743,1743,2,2726.39,2837.37,A
1744,1744,3,2151.65,2137.09,B
1745,1745,5,1094.55,1728.11,C
1746,1746,6,917.84,4365.08,A
1747,1747,1,2505.61,2686.94,C
1748,1748,5,1144.1,1968.01,C
1749,1749,6,897.85,4420.91,B
1750,1750,6,1516.1,4125.19,B
1751,1751,7,1028.51,6208.73,C
1752,1752,2,2411.63,3072.17,C
1753,1753,7,521.93,6078.26,A
1754,1754,8,531.5,2062.46,C
1755,1755,6,1055.17,4120.05,C
1756,1756,6,561.36,4244.87,C
1757,1757,1,1009.53,2580.7,A
1758,1758,4,1702.49,2501.7,A
1759,1759,1,3076.71,2694.57,C
1760,1760,6,904.77,4342.73,A
1761,1761,7,1186.6,5764.93,C
1762,1762,4,1063.67,2552.35,C
1763,1763,1,1428.0,2628.42,A
1764,1764,4,1614.2,2188.96,C
1765,1765,7,1170.39,6087.82,A
1766,1766,2,1792.61,2864.0,A
1767,1767,1,3215.96,2702.85,A
1768,1768,7,770.78,5742.17,A
1769,1769,5,998.61,1836.42,A
1770,1770,7,429.3,6118.09,A
1771,1771,7,929.71,5970.87,C
1772,1772,4,928.82,2527.27,C
1773,1773,5,1074.19,1991.61,B
1774,1774,5,2551.6,1855.71,B
1775,1775,6,1852.04,4404.26,B
1776,1776,3,937.2,1921.26,C
1777,1777,3,1796.82,2254.42,C
1778,1778,2,978.15,2993.02,B
1779,1779,8,1087.83,2171.83,B
1780,1780,8,916.08,1989.52,A
1781,1781,2,800.87,3055.15,B
1782,1782,6,816.0,4264.74,B
1783,1783,6,1362.73,4304.67,B
1784,1784,7,766.67,6159.35,B
1785,1785,5,2202.28,1842.31,A
1786,1786,6,1164.01,4128.13,A
1787,1787,4,1495.97,2427.0,A
1788,1788,5,1553.52,1815.15,B
1789,1789,5,1182.94,1860.95,A
1790,1790,8,1199.47,2078.02,A
1791,1791,6,1406.23,4292.95,A
1792,1792,4,1058.14,2382.59,B
1793,1793,6,466.52,4176.13,C
1794,1794,1,1229.58,2952.16,A
1795,1795,2,1068.31,2905.83,C
1796,1796,6,692.41,4256.86,A
1797,1797,6,775.15,4200.01,B
1798,1798,6,651.71,4170.75,C
1799,1799,3,1195.6,2013.83,B
1800,1800,5,1529.39,1846.27,B
1801,1801,1,2792.21,2592.48,B
1802,1802,5,1184.56,1783.14,B
1803,1803,5,2000.5,1907.46,B
1804,1804,3,1981.24,1964.14,B
1805,1805,7,1250.18,5955.01,B
1806,1806,8,1171.52,2133.53,C
1807,1807,7,885.05,6316.68,A
1808,1808,1,3027.16,2690.86,B
1809,1809,7,606.48,5732.85,A
1810,1810,2,1514.96,3214.21,C
1811,1811,4,2970.48,2124.45,A
1812,1812,6,1452.32,3912.96,C
1813,1813,3,1302.89,2039.63,C
1814,1814,3,624.73,2326.56,C
1815,1815,8,2010.2,1873.74,A
1816,1816,4,1324.53,2448.31,B
1817,1817,4,1930.05,2403.8,A
1818,1818,7,1226.92,6096.14,C
1819,1819,4,1232.2,2379.23,B
1820,1820,3,1021.66,2027.7,C
1821,1821,8,2118.48,2193.73,C
1822,1822,8,2344.97,2238.41,B
1823,1823,1,1481.82,2977.68,A
1824,1824,5,2936.5,1838.81,A
1825,1825,7,1434.84,6030.22,C
1826,1826,7,702.63,6055.47,A
1827,1827,8,1050.2,1827.54,C
1828,1828,7,1049.02,6391.51,A
1829,1829,4,1662.27,2438.23,C
1830,1830,4,1374.14,2137.26,A
1831,1831,7,519.88,5382.21,B
1832,1832,7,1360.11,5370.04,A
1833,1833,7,1233.98,6199.78,A
1834,1834,5,2126.54,1740.22,B
1835,1835,6,785.76,3942.2,A
1836,1836,4,2072.91,2389.02,B
1837,1837,8,2142.94,2029.06,B
1838,1838,7,748.04,6175.28,B
1839,1839,7,961.34,6306.38,A
1840,1840,4,1182.09,2307.62,B
1841,1841,5,788.17,1888.98,B
1842,1842,2,2662.73,2927.88,B
1843,1843,8,1216.4,1983.72,A
1844,1844,6,1185.77,4074.45,C
1845,1845,5,982.33,1754.09,C
1846,1846,5,1647.78,1729.46,A
1847,1847,5,2709.66,1953.75,A
1848,1848,4,1220.22,2257.58,A
1849,1849,3,1052.59,2122.59,A
1850,1850,3,1423.56,2191.41,C
1851,1851,8,2268.61,1958.92,B
1852,1852,6,748.97,3803.55,A
1853,1853,2,1205.66,3185.75,B
1854,1854,1,1866.29,2754.76,A
1855,1855,4,836.29,2444.74,A
1856,1856,7,590.35,5666.78,A
1857,1857,1,1234.35,2754.24,C
1858,1858,6,1250.56,4532.13,A
1859,1859,3,1167.64,1956.29,C
1860,1860,1,1430.16,2811.29,A
1861,1861,6,848.22,3944.2,C
1862,1862,6,721.32,4291.65,A
1863,1863,3,920.07,1990.1,B
1864,1864,5,993.2,1776.42,B
1865,1865,6,1561.15,3938.53,A
1866,1866,2,1981.88,3187.09,C
1867,1867,4,1590.55,2314.64,B
1868,1868,2,1823.79,3170.33,A
1869,1869,4,1133.03,2283.84,B
1870,1870,8,661.6,2062.8,B
1871,1871,4,1137.21,2275.72,A
1872,1872,2,2272.24,2902.11,C
1873,1873,7,827.35,6389.06,C
1874,1874,8,674.57,2274.77,C
1875,1875,2,749.18,3085.05,A
1876,1876,7,1214.16,5922.44,A
1877,1877,7,711.15,6429.71,C
1878,1878,5,1559.41,1856.75,A
1879,1879,2,1515.51,3101.65,C
1880,1880,5,771.71,1898.53,A
1881,1881,7,768.62,5477.07,A
1882,1882,6,2137.27,3997.66,A
1883,1883,6,1673.46,3932.76,B
1884,1884,6,800.28,4094.73,B
1885,1885,5,1622.29,1655.72,C
1886,1886,2,2558.74,3063.78,C
1887,1887,6,705.92,4107.13,B
1888,1888,4,750.3,2403.61,B
1889,1889,2,1369.46,2724.86,C
1890,1890,5,1369.53,1909.72,B
1891,1891,5,1363.72,1913.91,A
1892,1892,7,1359.93,6031.9,A
1893,1893,1,1394.29,2979.93,B
1894,1894,1,1912.61,3015.16,C
1895,1895,6,726.94,4015.08,C
1896,1896,5,2123.51,1653.55,B
1897,1897,8,2109.15,2107.42,B
1898,1898,4,1202.51,2374.89,C
1899,1899,7,1046.64,6243.24,A
1900,1900,8,1776.1,2269.97,C
1901,1901,2,2762.35,3106.34,C
1902,1902,7,1066.98,6131.61,A
1903,1903,5,2385.44,1648.71,B
1904,1904,3,1885.06,2096.0,A
1905,1905,8,619.69,2128.97,A
1906,1906,8,1720.49,2142.96,B
1907,1907,2,1235.12,3096.32,A
1908,1908,2,3445.21,3079.08,A
1909,1909,5,1836.74,1821.7,B
1910,1910,2,2608.8,2910.51,A
1911,1911,7,489.27,6059.03,C
1912,1912,3,970.23,2124.75,B
1913,1913,2,1491.78,2915.7,C
1914,1914,8,1786.88,2241.44,C
1915,1915,1,875.63,2906.58,A
1916,1916,8,1815.5,2012.14,A
1917,1917,1,3022.48,2676.3,C
1918,1918,8,697.83,1896.08,B
1919,1919,8,1088.13,1937.8,A
1920,1920,2,2029.93,2986.43,A
1921,1921,8,904.23,2141.06,A
1922,1922,3,1548.42,2080.97,A
1923,1923,3,876.76,2075.21,B
1924,1924,4,1620.66,2360.13,B
1925,1925,6,1618.04,4019.26,A
1926,1926,7,357.87,5899.56,C
1927,1927,7,856.2,6038.16,C
1928,1928,7,1489.6,5663.41,B
1929,1929,6,1144.98,4168.72,A
1930,1930,1,2509.6,2698.13,B
1931,1931,7,1551.4,5737.04,C
1932,1932,5,2415.12,1909.81,C
1933,1933,5,1748.91,1733.88,C
1934,1934,4,1666.54,2629.97,A
1935,1935,6,1623.51,3980.79,C
1936,1936,3,1126.36,1984.33,A
1937,1937,4,2021.36,2383.89,B
1938,1938,5,988.64,1759.23,C
1939,1939,5,2621.6,1715.8,B
1940,1940,8,1950.2,1940.11,C
1941,1941,7,637.69,6038.62,A
1942,1942,2,1174.57,2926.56,A
1943,1943,5,2149.22,1776.03,B
1944,1944,4,1855.56,2457.51,C
1945,1945,6,857.29,4026.99,C
1946,1946,5,1303.53,1732.12,C
1947,1947,8,1402.6,1987.55,A
1948,1948,2,2330.2,2991.27,C
1949,1949,1,1979.37,2601.35,C
1950,1950,2,1131.05,3183.75,A
1951,1951,3,1046.65,1950.72,C
1952,1952,1,1059.27,2848.48,C
1953,1953,4,2107.36,2466.14,C
1954,1954,7,624.23,6074.55,A
1955,1955,8,1509.73,1984.11,A
1956,1956,8,1055.42,1958.06,A
1957,1957,8,961.86,1987.43,A
1958,1958,4,990.4,2440.21,B
1959,1959,8,1909.61,1844.0,C
1960,1960,4,1836.3,2254.99,C
1961,1961,1,2275.06,2535.59,B
1962,1962,6,577.17,3665.65,B
1963,1963,1,2806.57,2710.61,B
1964,1964,3,1226.94,2088.52,C
1965,1965,3,1884.91,2127.05,B
1966,1966,3,2243.4,2090.01,B
1967,1967,3,880.94,2161.99,B
1968,1968,7,1015.7,5769.48,C
1969,1969,4,2452.39,2185.97,C
1970,1970,5,1906.82,1680.85,A
1971,1971,2,2531.29,2929.4,C
1972,1972,8,1247.49,2153.62,A
1973,1973,3,628.14,1941.41,C
1974,1974,7,1170.52,5727.76,C
1975,1975,8,694.59,2065.16,B
1976,1976,1,1360.22,2654.72,A
1977,1977,1,1440.0,2725.07,B
1978,1978,7,372.38,6389.87,A
1979,1979,4,802.43,2051.38,B
1980,1980,4,1189.34,2425.54,A
1981,1981,8,1736.0,2072.83,A
1982,1982,4,1744.99,2235.4,A
1983,1983,1,2579.25,2767.08,A
1984,1984,6,877.45,4095.13,C
1985,1985,8,882.57,2174.3,B
1986,1986,7,1354.03,5958.9,B
1987,1987,5,1101.71,1874.46,C
1988,1988,8,1340.49,2049.25,A
1989,1989,2,1526.5,3194.99,C
1990,1990,8,2098.89,2205.46,C
1991,1991,3,610.96,2161.68,C
1992,1992,3,543.33,2153.23,A
1993,1993,5,2125.02,1900.6,A
1994,1994,3,746.74,1950.23,B
1995,1995,4,701.7,2304.46,A
1996,1996,2,1434.68,3208.02,A
1997,1997,7,1210.41,5746.35,B
1998,1998,7,1266.26,5915.62,C
1999,1999,1,2205.86,2755.78,C
2000,2000,6,1836.53,3959.81,B
2001,2001,8,1576.35,1991.27,A
2002,2002,7,1087.03,5445.04,C
2003,2003,2,3296.54,2925.17,C
2004,2004,5,1334.38,1899.2,A
2005,2005,6,1410.37,4058.42,A
2006,2006,1,2638.17,2987.5,B
2007,2007,7,1311.02,5842.41,B
2008,2008,6,1411.24,4076.28,C
2009,2009,7,446.64,5614.15,B
2010,2010,4,2102.58,2391.23,C
2011,2011,5,1903.35,1858.67,B
2012,2012,1,869.7,2501.43,B
2013,2013,7,596.38,5433.15,C
2014,2014,7,907.84,5991.61,A
2015,2015,6,1345.9,4169.93,B
2016,2016,6,1058.17,4250.12,A
2017,2017,2,2621.21,3101.52,C
2018,2018,1,2851.61,2530.01,A
2019,2019,7,1180.33,5469.59,A
2020,2020,7,608.0,6336.1,C
2021,2021,5,900.56,1734.5,A
2022,2022,5,1971.58,1735.56,B
2023,2023,4,1894.37,2233.27,B
2024,2024,5,2473.99,1694.3,A
2025,2025,2,1117.21,2911.81,C
2026,2026,4,2072.72,2117.25,C
2027,2027,2,1408.65,3222.63,B
2028,2028,7,1097.51,5773.77,A
2029,2029,4,2217.15,2327.85,A
2030,2030,5,1796.48,1736.14,C
2031,2031,6,1890.74,4413.01,A
2032,2032,7,1190.38,6096.19,B
2033,2033,4,2665.47,2452.97,C
2034,2034,1,1871.19,2472.57,C
2035,2035,5,2620.12,1745.18,C
2036,2036,1,1578.3,2558.56,C
2037,2037,7,412.51,6008.32,A
2038,2038,4,1612.52,2229.65,C
2039,2039,3,1263.66,1849.39,A
2040,2040,1,2942.49,2934.2,A
2041,2041,5,1377.1,1745.09,C
2042,2042,6,1802.8,3953.93,B
2043,2043,2,1658.04,2936.67,C
2044,2044,8,1183.23,2178.54,A
2045,2045,3,525.47,1943.22,A
2046,2046,3,759.63,1955.24,B
2047,2047,2,3175.21,2780.6,A
2048,2048,5,1635.16,1783.47,A
2049,2049,7,882.57,5812.46,B
2050,2050,5,1230.39,1793.58,C
2051,2051,3,917.89,1966.33,C
2052,2052,8,1173.38,1971.92,A
2053,2053,5,1649.97,1831.28,A
2054,2054,6,762.8,3885.75,A
2055,2055,1,1006.12,2719.37,C
2056,2056,6,665.15,3916.79,B
2057,2057,4,2075.03,2344.17,A
2058,2058,1,1624.16,2689.41,A
2059,2059,4,1682.55,2273.7,A
2060,2060,4,1923.04,2293.29,A
2061,2061,6,2134.57,3867.59,A
2062,2062,4,1977.48,2315.37,B
2063,2063,3,865.51,2289.29,C
2064,2064,4,1983.47,2263.62,B
2065,2065,2,1268.08,3055.51,A
2066,2066,4,793.13,2429.07,B
2067,2067,3,534.7,1927.15,C
2068,2068,1,2293.52,2687.2,C
2069,2069,1,2052.76,2813.4,A
2070,2070,3,870.32,2022.72,B
2071,2071,8,1849.29,2161.45,B
2072,2072,8,1469.65,2061.69,B
2073,2073,4,2539.05,2346.87,A
2074,2074,7,1052.75,5635.4,A
2075,2075,2,1770.41,3163.04,B
2076,2076,2,3203.25,2789.16,C
2077,2077,4,740.5,2335.15,A
2078,2078,6,857.22,3838.62,C
2079,2079,6,1749.06,3743.52,A
2080,2080,3,2017.72,1942.24,C
2081,2081,5,2590.76,1826.11,A
2082,2082,2,1898.94,3125.64,A
2083,2083,6,1314.24,4341.79,A
2084,2084,2,1765.63,2848.22,A
2085,2085,6,1774.37,3763.68,B
2086,2086,7,1118.15,5693.64,A
2087,2087,2,1078.01,3099.45,B
2088,2088,3,701.27,2056.89,B
2089,2089,5,1003.88,1818.9,C
2090,2090,3,1519.06,1925.47,B
2091,2091,3,1628.3,1901.27,B
2092,2092,6,890.9,4173.61,A
2093,2093,3,1503.23,1835.93,A
2094,2094,7,1051.41,5846.3,A
2095,2095,8,1192.76,2036.56,B
2096,2096,3,1632.02,1988.79,A
2097,2097,5,2414.56,1670.25,C
2098,2098,7,708.38,6579.91,C
2099,2099,1,2790.05,2580.09,C
2100,2100,3,600.79,1867.39,A
2101,2101,7,951.39,6363.17,A
2102,2102,3,758.41,2097.95,C
2103,2103,1,2252.94,2736.71,A
2104,2104,8,1590.34,2082.52,B
2105,2105,1,1072.4,2825.0,A
2106,2106,7,1340.38,5861.9,A
2107,2107,7,669.46,5931.33,A
2108,2108,3,498.51,1930.68,A
2109,2109,5,3062.02,1915.8,C
2110,2110,4,1096.32,2361.2,B
2111,2111,2,2107.42,3120.8,A
2112,2112,3,1318.29,1962.34,B
2113,2113,5,1883.88,1817.7,C
2114,2114,3,1323.7,2181.07,A
2115,2115,2,2809.48,3025.37,B
2116,2116,7,886.79,6101.72,A
2117,2117,3,1372.2,1972.66,B
2118,2118,8,1118.55,2079.6,C
2119,2119,2,2739.2,3082.94,C
2120,2120,8,797.33,2125.47,A
2121,2121,3,524.12,2089.27,B
2122,2122,8,1585.25,2129.79,B
2123,2123,7,577.72,6485.58,A
2124,2124,6,1795.31,3997.74,B
2125,2125,5,1375.81,1823.32,A
2126,2126,8,1559.15,2146.04,A
2127,2127,2,1317.98,3130.92,C
2128,2128,5,1723.62,1941.6,C
2129,2129,4,620.89,2277.78,A
2130,2130,1,2555.1,2637.66,C
2131,2131,7,1049.76,5410.57,C
2132,2132,8,937.32,2154.31,A
2133,2133,3,722.72,1986.45,B
2134,2134,4,1499.05,2244.75,B
2135,2135,5,1812.0,1789.85,C
2136,2136,8,2034.88,2094.83,A
2137,2137,8,1538.4,2141.62,C
2138,2138,5,2952.95,1855.07,B
2139,2139,3,558.86,1982.87,B
2140,2140,6,1165.82,4318.32,C
2141,2141,5,1216.36,1720.79,B
2142,2142,1,998.95,2637.32,C
2143,2143,7,1453.41,6038.43,B
2144,2144,7,1031.62,5915.49,A
2145,2145,7,424.68,5748.08,C
2146,2146,5,1852.44,1749.05,C
2147,2147,1,1230.08,2649.9,B
2148,2148,5,1792.25,1764.81,C
2149,2149,8,1162.71,2142.76,A
2150,2150,8,753.57,1918.55,A
2151,2151,7,1175.82,5995.58,B
2152,2152,4,2646.13,1923.16,C
2153,2153,7,1269.43,5532.47,C
2154,2154,7,947.68,5538.04,A
2155,2155,1,1826.23,2797.63,A
2156,2156,8,2308.69,1941.36,A
2157,2157,5,1787.14,1916.06,B
2158,2158,8,776.05,1894.58,B
2159,2159,2,1515.09,3091.26,B
2160,2160,1,2834.2,2743.92,A
2161,2161,3,1566.6,1779.7,C
2162,2162,5,2965.47,1788.92,B
2163,2163,6,663.54,4562.91,C
2164,2164,4,658.77,2577.3,B
2165,2165,4,1038.59,2187.18,C
2166,2166,7,937.23,5810.8,B
2167,2167,5,1246.66,1904.44,C
2168,2168,2,1789.83,2955.07,C
2169,2169,1,1685.23,2671.68,B
2170,2170,2,1442.79,3116.2,A
2171,2171,1,3220.29,2822.26,A
2172,2172,5,1744.69,1759.12,A
2173,2173,8,975.78,1948.26,C
2174,2174,7,1661.15,5709.98,C
2175,2175,6,1285.54,4078.42,A
2176,2176,1,1657.26,2847.05,C
2177,2177,1,1985.91,2570.41,A
2178,2178,8,1085.16,2144.95,A
2179,2179,3,647.75,1926.23,A
2180,2180,8,1997.6,1981.58,C
2181,2181,7,489.26,5334.93,B
2182,2182,4,2708.71,2507.72,B
2183,2183,7,969.49,6100.2,A
2184,2184,1,2942.85,2667.68,B
2185,2185,3,1220.62,1886.01,B
2186,2186,7,814.21,5873.48,B
2187,2187,7,769.03,6000.19,A
2188,2188,6,1342.39,4083.51,B
2189,2189,5,764.47,1859.15,B
2190,2190,3,659.79,2114.68,A
2191,2191,7,587.08,5425.26,C
2192,2192,1,976.87,2587.51,C
2193,2193,6,706.58,4059.86,A
2194,2194,2,1247.05,3020.99,B
2195,2195,6,1509.61,4081.55,B
2196,2196,6,761.77,4126.99,A
2197,2197,6,1778.02,4007.13,C
2198,2198,4,1763.84,2173.42,C
2199,2199,1,1819.84,2694.89,B
2200,2200,4,1223.79,2242.84,B
2201,2201,6,1321.1,4062.24,A
2202,2202,4,1406.79,2334.35,B
2203,2203,4,1013.45,2257.44,B
2204,2204,5,675.34,1741.22,C
2205,2205,1,1524.55,2987.94,B
2206,2206,3,2009.11,2005.53,B
2207,2207,3,1998.93,2070.39,A
2208,2208,4,2709.38,2273.86,A
2209,2209,1,1477.1,2932.12,A
2210,2210,4,2806.35,2231.47,C
2211,2211,6,1451.33,3836.24,B
2212,2212,2,1906.47,2962.18,C
2213,2213,7,821.24,5506.73,C
2214,2214,3,1236.33,1891.95,A
2215,2215,2,2046.97,2977.36,C
2216,2216,4,2848.09,2310.52,B
2217,2217,8,2182.36,2153.72,B
2218,2218,2,1333.75,3185.54,B
2219,2219,3,1067.4,2016.42,A
2220,2220,6,1126.91,4594.82,C
2221,2221,5,1900.0,1898.1,C
2222,2222,2,2869.77,2885.58,B
2223,2223,4,1465.42,2543.58,A
2224,2224,4,1742.95,2511.94,A
2225,2225,7,941.33,5419.04,B
2226,2226,5,2339.27,1722.77,B
2227,2227,6,1386.14,3951.33,C
2228,2228,5,1740.6,1745.17,C
2229,2229,7,1127.26,5352.5,B
2230,2230,2,970.04,2884.81,B
2231,2231,5,809.12,1741.55,C
2232,2232,5,912.64,1895.2,C
2233,2233,4,1854.58,2230.24,C
2234,2234,5,2621.07,1695.44,C
2235,2235,8,2164.0,2181.22,B
2236,2236,8,816.06,2323.41,B
2237,2237,7,1002.31,6471.36,A
2238,2238,4,1004.75,2409.72,B
2239,2239,3,966.83,1943.08,C
2240,2240,8,2528.33,2067.3,B
2241,2241,5,874.3,1946.99,A
2242,2242,7,1157.09,6292.87,A
2243,2243,1,3020.29,2543.02,B
2244,2244,2,2304.2,2639.76,B
2245,2245,4,754.84,2386.21,C
2246,2246,3,1390.61,2173.87,A
2247,2247,3,973.59,2135.44,A
2248,2248,2,2445.97,2766.59,C
2249,2249,7,393.18,6537.85,C
2250,2250,6,1735.91,4039.82,B
2251,2251,8,1785.81,2195.51,A
2252,2252,3,771.75,1933.36,A
2253,2253,7,357.1,6046.39,C
2254,2254,7,349.71,5894.3,A
2255,2255,3,1522.47,1967.23,B
2256,2256,8,1270.19,2160.22,A
2257,2257,5,2998.18,1756.85,C
2258,2258,1,2352.8,2531.45,A
2259,2259,3,1113.39,2000.11,A
2260,2260,3,1323.03,1953.22,C
2261,2261,2,1224.79,2839.01,B
2262,2262,6,1357.48,4035.98,A
2263,2263,7,845.13,6036.36,A
2264,2264,6,1349.15,3602.07,B
2265,2265,8,1947.03,2127.92,A
2266,2266,4,1122.66,2446.38,C
2267,2267,1,3467.15,2658.72,B
2268,2268,1,1900.34,2415.51,B
2269,2269,2,2477.93,2872.96,C
2270,2270,5,1633.3,1685.96,C
2271,2271,3,2117.93,2113.5,A
2272,2272,5,2352.47,1791.82,B
2273,2273,1,3259.15,2595.09,A
2274,2274,8,1985.57,2035.77,C
2275,2275,8,1729.57,1925.98,C
2276,2276,2,1213.46,2720.08,A
2277,2277,5,1356.34,1626.01,B
2278,2278,4,1861.82,2221.19,C
2279,2279,1,1030.83,2557.63,B
2280,2280,3,1851.55,2113.14,A
2281,2281,6,736.4,4403.45,C
2282,2282,7,897.5,6362.34,B
2283,2283,8,729.85,1989.41,A
2284,2284,3,1992.76,2140.06,A
2285,2285,4,1470.35,2386.26,A
2286,2286,7,1048.32,6164.26,C
2287,2287,8,1171.99,1906.48,C
2288,2288,1,1275.65,2413.43,B
2289,2289,6,711.95,3825.69,B
2290,2290,7,1504.51,5973.36,C
2291,2291,7,886.29,5487.58,A
2292,2292,6,719.36,3494.88,A
2293,2293,6,1538.92,4450.1,C
2294,2294,4,1967.73,2482.18,A
2295,2295,1,2406.53,2545.94,B
2296,2296,2,2390.07,2903.9,B
2297,2297,4,1209.5,2197.1,B
2298,2298,7,831.46,5349.39,C
2299,2299,3,782.92,1773.15,C
2300,2300,1,2081.79,2745.5,A
2301,2301,5,905.91,1823.89,C
2302,2302,5,1948.9,1819.81,A
2303,2303,7,1514.09,5499.17,B
2304,2304,5,870.98,1786.48,B
2305,2305,2,2620.03,2978.66,A
2306,2306,8,663.73,2082.12,C
2307,2307,7,1076.88,6008.41,C
2308,2308,7,637.07,6090.09,A
2309,2309,6,1220.88,4342.68,C
2310,2310,8,2287.35,2203.59,B
2311,2311,8,1888.95,2065.39,A
2312,2312,6,1951.8,4017.25,C
2313,2313,6,1039.21,4363.57,B
2314,2314,4,1625.14,2547.46,C
2315,2315,2,1836.58,3018.36,C
2316,2316,8,1068.03,2217.69,C
2317,2317,4,2405.59,2455.28,A
2318,2318,8,1508.78,2197.23,B
2319,2319,4,2183.63,2495.23,B
2320,2320,6,1196.21,4098.76,B
2321,2321,5,1687.07,1848.83,C
2322,2322,8,1027.58,2216.68,B
2323,2323,1,3028.56,2730.35,A
2324,2324,6,903.88,4145.76,A
2325,2325,2,2458.11,3094.18,C
2326,2326,6,799.95,4115.17,C
2327,2327,5,3212.13,1834.88,A
2328,2328,3,995.48,1742.42,B
2329,2329,4,1043.19,2336.45,A
2330,2330,4,1155.8,2360.5,B
2331,2331,6,885.86,3947.09,A
2332,2332,1,1705.94,2725.39,B
2333,2333,4,1547.36,2353.51,C
2334,2334,2,1483.61,3030.33,B
2335,2335,2,2355.33,2992.72,C
2336,2336,3,2004.84,1847.49,B
2337,2337,1,3312.96,2455.74,B
2338,2338,8,1524.06,2214.15,B
2339,2339,2,759.09,3099.64,C
2340,2340,6,1493.61,4047.55,A
2341,2341,5,2520.44,1662.9,C
2342,2342,2,1100.68,2961.54,B
2343,2343,7,1034.73,5884.63,B
2344,2344,6,2088.84,4318.42,A
2345,2345,5,984.68,1645.03,B
2346,2346,2,1542.48,3068.96,B
2347,2347,4,1645.41,2349.53,C
2348,2348,3,1121.11,2164.26,C
2349,2349,7,1153.17,5614.96,A
2350,2350,4,1517.4,2124.82,B
2351,2351,2,2612.1,3071.73,C
2352,2352,4,1970.64,2411.19,B
2353,2353,5,1640.57,1874.29,A
2354,2354,5,2156.38,1816.64,A
2355,2355,5,1759.22,1827.42,B
2356,2356,2,2268.77,3105.87,C
2357,2357,8,1373.3,2178.2,A
2358,2358,8,1328.88,2232.7,A
2359,2359,5,857.49,1872.17,B
2360,2360,3,1332.34,2087.59,B
2361,2361,6,787.13,4373.51,B
2362,2362,7,1153.24,5371.11,A
2363,2363,2,2886.33,3137.29,A
2364,2364,1,1763.47,2711.74,B
2365,2365,3,826.35,2023.62,C
2366,2366,3,1960.24,1864.77,A
2367,2367,3,1862.2,2042.07,A
2368,2368,5,2889.4,1920.64,A
2369,2369,3,1374.73,2203.76,B
2370,2370,2,2052.61,2978.42,A
2371,2371,2,2634.78,2951.49,C
2372,2372,1,2001.78,2785.35,B
2373,2373,5,1057.68,1886.71,C
2374,2374,2,1731.17,2894.43,A
2375,2375,2,912.36,2775.53,B
2376,2376,5,1454.2,1873.37,C
2377,2377,3,909.41,1948.52,C
2378,2378,7,1154.22,5426.43,B
2379,2379,8,620.79,2271.97,B
2380,2380,8,1220.72,2291.56,A
2381,2381,8,1580.89,2104.77,B
2382,2382,8,2127.03,2152.13,C
2383,2383,8,1072.84,2144.42,C
2384,2384,2,1860.07,2608.31,B
2385,2385,1,743.75,2830.71,A
2386,2386,6,1844.85,4149.07,A
2387,2387,2,983.89,2786.33,A
2388,2388,1,1420.29,2819.92,B
2389,2389,4,1116.26,2281.68,B
2390,2390,4,2081.55,2329.9,B
2391,2391,3,1327.99,1952.51,B
2392,2392,5,3140.99,1828.25,C
2393,2393,3,657.88,1820.48,A
2394,2394,6,691.2,4380.86,C
2395,2395,8,1963.06,2073.29,A
2396,2396,7,756.83,5775.96,A
2397,2397,1,2466.66,2621.45,C
2398,2398,7,1105.86,6412.29,A
2399,2399,2,1370.23,2972.35,C
2400,2400,6,565.39,3883.79,C
2401,2401,4,2161.28,2206.49,B
2402,2402,6,601.14,4402.64,B
2403,2403,2,1277.06,2978.67,B
2404,2404,7,357.8,5948.76,A
2405,2405,3,1374.47,1999.96,C
2406,2406,6,1735.65,4439.33,B
2407,2407,6,1302.95,4068.83,A
2408,2408,8,1021.62,2190.13,C
2409,2409,8,845.21,2125.24,C
2410,2410,6,540.86,4366.7,A
2411,2411,3,1142.21,1942.31,A
2412,2412,2,2394.77,3130.91,B
2413,2413,6,1366.69,4381.66,C
2414,2414,2,2628.15,3063.61,B
2415,2415,6,671.44,4313.03,C
2416,2416,4,1086.13,2425.45,B
2417,2417,8,763.05,2167.56,A
2418,2418,7,993.17,5935.01,A
2419,2419,6,977.11,4127.95,B
2420,2420,6,857.04,3772.77,B
2421,2421,6,2151.01,3802.2,A
2422,2422,3,1238.45,2056.49,A
2423,2423,6,896.68,4080.11,C
2424,2424,3,1379.61,2109.94,B
2425,2425,3,996.11,2059.37,A
2426,2426,4,2421.08,2368.31,B
2427,2427,6,779.59,4175.15,A
2428,2428,3,1588.11,2073.61,A
2429,2429,6,1308.2,4243.53,B
2430,2430,3,646.38,2027.45,C
2431,2431,7,1084.77,5755.4,C
2432,2432,7,863.42,5915.97,A
2433,2433,3,2020.64,1992.12,A
2434,2434,6,2220.2,4507.21,C
2435,2435,6,530.53,4035.07,C
2436,2436,2,2217.6,2756.74,A
2437,2437,4,1843.94,2398.4,A
2438,2438,5,1135.31,1781.14,B
2439,2439,8,2148.34,2043.27,B
2440,2440,5,1235.03,1853.47,B
2441,2441,3,1119.56,2090.27,A
2442,2442,4,610.28,2258.38,B
2443,2443,4,1939.07,2274.91,A
2444,2444,3,636.84,2139.54,B
2445,2445,8,973.51,2175.05,A
2446,2446,2,1604.2,2918.98,B
2447,2447,7,738.9,6084.48,C
2448,2448,8,1032.42,2047.93,C
2449,2449,6,1200.94,3853.43,A
2450,2450,3,1967.3,2131.36,A
2451,2451,8,1431.87,1940.64,A
2452,2452,3,514.35,2075.54,B
2453,2453,1,1968.28,2638.81,C
2454,2454,6,633.06,3892.7,B
2455,2455,3,789.53,2059.93,B
2456,2456,8,1011.36,2287.87,B
2457,2457,8,1527.65,2052.25,A
2458,2458,7,781.08,5643.52,A
2459,2459,7,621.72,5618.48,C
2460,2460,6,986.42,3916.54,A
2461,2461,5,876.79,1645.25,C
2462,2462,2,1587.07,3138.76,B
2463,2463,4,700.49,2416.79,A
2464,2464,4,740.0,2414.5,B
2465,2465,6,1157.27,4218.5,A
2466,2466,3,697.36,1932.71,C
2467,2467,1,2905.87,2574.74,C
2468,2468,1,2021.2,2415.13,C
2469,2469,7,514.97,6088.34,B
2470,2470,2,1085.72,2512.42,C
2471,2471,5,1338.7,1949.1,C
2472,2472,6,1508.23,4252.64,B
2473,2473,7,434.42,5890.81,A
2474,2474,3,1429.8,2120.75,C
2475,2475,7,507.95,5717.62,A
2476,2476,5,1099.73,1810.3,B
2477,2477,2,1727.94,2957.91,B
2478,2478,7,1026.03,5810.97,C
2479,2479,7,1250.58,5733.32,B
2480,2480,4,1372.53,2359.85,C
2481,2481,1,2079.05,2598.12,A
2482,2482,7,1444.77,6115.24,A
2483,2483,2,1598.8,2858.59,A
2484,2484,7,464.37,6078.13,B
2485,2485,4,857.89,2183.96,C
2486,2486,2,1006.14,2933.3,A
2487,2487,7,632.53,6097.65,C
2488,2488,4,763.59,2113.5,C
2489,2489,5,1532.36,1778.32,A
2490,2490,1,2290.37,2479.03,A
2491,2491,7,801.46,5832.66,A
2492,2492,1,2736.25,2585.37,C
2493,2493,3,1269.3,2167.4,B
2494,2494,1,2704.6,2608.96,C
2495,2495,5,809.37,1838.6,C
2496,2496,3,1597.41,1949.57,C
2497,2497,4,863.99,2160.48,A
2498,2498,7,641.83,6080.29,A
2499,2499,4,1205.85,2443.8,C
2500,2500,3,1018.61,1874.69,B
2501,2501,8,852.46,2135.28,A
2502,2502,3,1300.88,1891.24,B
2503,2503,2,1086.19,3108.81,A
2504,2504,7,942.09,6144.1,A
2505,2505,6,1359.92,3945.13,B
2506,2506,6,1836.56,4063.27,A
2507,2507,3,1917.7,1783.41,A
2508,2508,2,2808.45,3207.06,B
2509,2509,2,2413.29,3024.7,B
2510,2510,7,702.15,5976.59,C
2511,2511,1,1580.92,2478.39,C
2512,2512,1,1740.1,2683.84,B
2513,2513,6,1608.48,4002.76,A
2514,2514,2,2007.68,3141.91,B
2515,2515,1,2114.51,2517.76,C
2516,2516,8,1545.56,2101.83,B
2517,2517,8,1912.34,2153.59,B
2518,2518,6,610.76,3808.7,A
2519,2519,8,1621.41,2182.43,C
2520,2520,7,767.92,5586.93,B
2521,2521,2,2897.07,2819.33,C
2522,2522,7,863.25,5509.55,C
2523,2523,3,1705.64,1920.83,B
2524,2524,5,838.37,1817.65,B
2525,2525,4,1446.1,2350.05,C
2526,2526,2,2738.96,2719.72,B
2527,2527,4,2026.57,2041.67,A
2528,2528,3,1622.79,1941.61,A
2529,2529,6,1722.37,3859.0,A
2530,2530,5,2177.76,1785.29,C
2531,2531,7,1516.99,5676.62,C
2532,2532,3,1441.14,1852.91,C
2533,2533,1,763.55,2436.44,B
2534,2534,7,696.53,5594.9,A
2535,2535,1,2179.58,2499.81,A
2536,2536,1,1425.43,2551.22,C
2537,2537,8,1611.48,2245.78,A
2538,2538,3,2067.98,1967.38,A
2539,2539,3,1749.81,2021.07,C
2540,2540,7,694.27,5720.25,C
2541,2541,8,1372.54,2382.75,A
2542,2542,5,2026.48,1802.34,B
2543,2543,5,1158.83,1677.97,C
2544,2544,3,1016.26,1968.54,C
2545,2545,2,2452.66,2829.32,C
2546,2546,4,1261.36,2430.24,B
2547,2547,4,1484.16,2396.84,A
2548,2548,3,1285.0,2014.36,C
2549,2549,1,970.06,2436.09,C
2550,2550,8,1210.7,2126.23,C
2551,2551,2,1418.21,2727.71,B
2552,2552,4,2405.26,2480.93,C
2553,2553,7,770.49,6035.2,C
2554,2554,1,1981.09,2596.03,C
2555,2555,8,598.06,2226.64,C
2556,2556,5,1690.47,1648.59,A
2557,2557,2,2076.99,2552.84,B
2558,2558,5,979.91,1663.88,C
2559,2559,5,759.08,1905.22,C
2560,2560,4,928.13,2235.46,B
2561,2561,2,2745.34,3030.61,A
2562,2562,4,1084.62,2254.42,A
2563,2563,5,1435.72,1935.95,C
2564,2564,2,2304.19,2830.79,A
2565,2565,2,2808.61,2699.09,C
2566,2566,7,798.07,6082.67,A
2567,2567,7,1494.71,6303.56,B
2568,2568,6,1400.71,4208.53,A
2569,2569,3,1392.81,2206.99,B
2570,2570,8,1850.59,2092.04,A
2571,2571,7,952.92,5393.35,A
2572,2572,1,1766.48,2607.53,A
2573,2573,4,790.93,2320.98,A
2574,2574,4,1933.81,2356.24,C
2575,2575,8,2063.22,2113.08,A
2576,2576,4,2221.09,2428.83,B
2577,2577,1,1174.29,2649.17,B
2578,2578,2,3061.31,2965.24,C
2579,2579,3,1368.68,1903.82,B
2580,2580,4,1367.39,2455.27,A
2581,2581,2,1617.31,3090.1,C
2582,2582,4,2069.41,2473.54,A
2583,2583,8,1417.3,2116.46,A
2584,2584,5,943.57,1755.55,A
2585,2585,3,2164.6,2018.45,B
2586,2586,2,1880.5,3038.6,B
2587,2587,3,1071.89,2063.1,B
2588,2588,8,1792.61,1959.82,A
2589,2589,6,992.48,3958.0,A
2590,2590,7,706.89,5499.39,A
2591,2591,5,1839.44,1794.17,C
2592,2592,8,1832.04,2146.83,A
2593,2593,7,911.5,5405.15,C
2594,2594,5,803.8,1880.04,C
2595,2595,8,1119.28,2155.9,A
2596,2596,6,640.61,4397.13,A
2597,2597,6,1106.83,4301.68,C
2598,2598,2,1089.02,2723.25,C
2599,2599,7,1434.79,6729.98,A
2600,2600,7,1567.37,6635.21,A
2601,2601,8,1232.74,2110.87,C
2602,2602,7,854.42,6648.42,C
2603,2603,8,1022.65,2106.18,A
2604,2604,1,2408.62,2433.69,C
2605,2605,6,1625.67,4532.1,B
2606,2606,1,2310.51,2548.25,A
2607,2607,2,2948.25,2721.4,B
2608,2608,2,1684.18,2905.07,A
2609,2609,2,1276.29,2697.65,C
2610,2610,3,916.9,1831.61,C
2611,2611,5,2487.98,1862.23,A
2612,2612,1,2403.05,2436.73,A
2613,2613,6,644.2,3823.41,C
2614,2614,6,867.52,4006.19,A
2615,2615,8,761.82,2070.42,A
2616,2616,4,1216.13,2404.64,C
2617,2617,5,1896.65,1781.13,A
2618,2618,8,917.43,2094.43,C
2619,2619,7,383.19,6728.99,C
2620,2620,3,1430.71,2006.07,B
2621,2621,1,1569.25,2549.37,B
2622,2622,8,711.0,2077.98,B
2623,2623,5,976.29,1800.24,C
2624,2624,5,1479.1,1882.74,A
2625,2625,3,815.13,1984.86,C
2626,2626,6,576.49,4082.35,C
2627,2627,4,789.44,2503.4,C
2628,2628,2,2058.06,2865.36,B
2629,2629,3,1023.56,1978.66,A
2630,2630,2,2208.34,2983.49,B
2631,2631,2,961.3,2829.97,A
2632,2632,2,1577.57,2817.97,C
2633,2633,5,2653.81,1782.01,A
2634,2634,5,1561.63,1869.98,C
2635,2635,4,2794.73,2306.84,C
2636,2636,7,879.34,5335.15,B
2637,2637,1,2125.33,2470.37,B
2638,2638,2,1908.03,2584.19,B
2639,2639,5,1665.41,1809.92,A
2640,2640,3,1530.29,2097.42,A
2641,2641,2,1099.11,2872.68,A
2642,2642,2,2911.22,2937.66,C
2643,2643,8,2117.9,2239.05,B
2644,2644,1,2527.18,2632.64,A
2645,2645,5,885.66,1811.74,C
2646,2646,6,464.73,3819.78,B
2647,2647,2,1312.45,2892.55,B
2648,2648,7,492.3,5728.57,C
2649,2649,7,655.02,5521.97,C
2650,2650,7,1038.79,5355.17,A
2651,2651,5,2015.52,1863.12,C
2652,2652,6,914.44,4018.63,C
2653,2653,8,1460.3,2199.72,C
2654,2654,2,2547.53,3259.71,B
2655,2655,8,1189.17,2102.21,A
2656,2656,7,962.96,5956.33,B
2657,2657,6,482.12,4417.01,C
2658,2658,6,1440.94,4368.71,B
2659,2659,6,654.12,4346.84,C
2660,2660,4,747.56,2191.21,A
2661,2661,6,851.66,3827.34,B
2662,2662,2,810.75,2670.08,B
2663,2663,2,1967.83,2974.08,C
2664,2664,1,1346.66,2313.3,B
2665,2665,3,1446.9,2077.58,B
2666,2666,5,970.53,1831.03,B
2667,2667,6,676.17,3966.81,C
2668,2668,6,1098.01,4440.18,B
2669,2669,7,1054.39,6035.98,B
2670,2670,3,676.24,1960.06,C
2671,2671,3,718.63,2124.46,A
2672,2672,4,773.47,2434.39,A
2673,2673,8,1542.64,2148.66,C
2674,2674,8,927.87,2157.75,B
2675,2675,2,2271.65,2822.92,C
2676,2676,3,712.88,2051.78,A
2677,2677,5,1237.87,1815.06,B
2678,2678,8,2388.48,2136.41,B
2679,2679,8,1508.6,2193.23,C
2680,2680,1,2281.22,2627.2,A
2681,2681,1,2787.57,2375.49,B
2682,2682,1,1294.43,2621.55,C
2683,2683,2,1596.48,2937.8,B
2684,2684,1,1995.47,2672.52,C
2685,2685,8,1246.03,2186.29,C
2686,2686,2,2326.95,2732.02,A
2687,2687,2,1934.16,2813.09,B
2688,2688,2,1099.8,2772.53,C
2689,2689,1,3219.69,2635.34,A
2690,2690,2,1208.58,2979.43,A
2691,2691,4,1154.72,2338.78,C
2692,2692,3,633.82,2066.6,B
2693,2693,2,1412.95,3130.41,A
2694,2694,7,1320.25,6216.31,A
2695,2695,6,571.38,4192.59,A
2696,2696,7,919.0,6219.0,B
2697,2697,5,2288.86,1866.1,B
2698,2698,7,568.96,6075.99,B
2699,2699,3,1025.74,2074.88,B
2700,2700,2,1372.29,3019.02,C
2701,2701,5,2319.21,1888.83,A
2702,2702,6,781.79,4021.91,A
2703,2703,1,2306.82,2568.35,A
2704,2704,7,373.95,6219.25,A
2705,2705,8,1604.58,2147.53,B
2706,2706,3,1844.05,1933.16,A
2707,2707,1,1510.78,2601.48,B
2708,2708,4,1107.23,2400.92,B
2709,2709,5,1297.63,1819.65,A
2710,2710,6,1622.6,4491.1,C
2711,2711,8,684.31,2153.7,C
2712,2712,6,1039.54,4040.5,A
2713,2713,6,1574.15,4145.12,C
2714,2714,1,2864.13,2711.43,A
2715,2715,1,1558.68,2633.96,C
2716,2716,3,1533.06,1948.03,A
2717,2717,8,989.75,2183.39,B
2718,2718,3,1040.33,1996.06,A
2719,2719,2,2283.38,3083.72,A
2720,2720,8,1391.43,2404.81,A
2721,2721,1,1595.83,2597.92,B
2722,2722,1,989.16,2602.88,C
2723,2723,5,2151.47,1746.99,C
2724,2724,5,1268.85,1771.11,C
2725,2725,5,1734.43,1958.14,B
2726,2726,6,1254.08,3768.98,C
2727,2727,4,1915.21,2141.3,B
2728,2728,5,1886.12,1903.3,C
2729,2729,6,639.57,4018.75,B
2730,2730,4,1913.1,2265.83,A
2731,2731,6,1490.36,3921.57,A
2732,2732,2,1068.0,2764.09,A
2733,2733,3,1471.5,1639.25,A
2734,2734,3,1077.97,2069.31,B
2735,2735,6,1369.76,3934.67,C
2736,2736,2,1733.8,2737.56,C
2737,2737,3,910.3,1650.11,B
2738,2738,4,1193.32,2557.98,A
2739,2739,2,2721.03,2867.46,B
2740,2740,3,1984.58,2050.25,C
2741,2741,5,2050.92,1786.64,C
2742,2742,3,731.21,2073.63,B
2743,2743,4,1599.92,2068.13,A
2744,2744,8,654.54,2288.74,A
2745,2745,4,830.86,2053.01,B
2746,2746,3,1208.72,1984.56,B
2747,2747,4,698.11,2289.04,A
2748,2748,3,999.98,1967.9,B
2749,2749,2,1535.13,3023.13,A
2750,2750,8,1010.85,2127.82,C
2751,2751,4,705.29,2100.65,A
2752,2752,1,1179.42,2742.8,A
2753,2753,8,613.3,2259.71,A
2754,2754,1,1430.97,2422.66,A
2755,2755,2,2029.01,2847.32,C
2756,2756,2,1181.51,2960.34,B
2757,2757,1,1170.25,2678.12,B
2758,2758,7,1158.41,6347.89,B
2759,2759,2,933.19,3010.78,C
2760,2760,2,2611.12,2802.41,A
2761,2761,7,621.73,5625.51,C
2762,2762,3,1328.62,1965.39,A
2763,2763,2,2218.93,2980.12,A
2764,2764,3,1306.04,1927.64,B
2765,2765,2,1797.15,2808.95,C
2766,2766,1,2981.98,2683.82,A
2767,2767,6,574.65,4145.91,C
2768,2768,2,765.78,2764.56,B
2769,2769,1,1681.12,2861.29,C
2770,2770,8,1707.52,2059.02,C
2771,2771,2,1435.27,3159.73,B
2772,2772,5,889.01,1704.18,B
2773,2773,2,1576.94,3166.8,B
2774,2774,5,2984.47,1921.85,B
2775,2775,1,2206.03,2579.76,C
2776,2776,2,1123.98,2767.44,C
2777,2777,8,1708.75,2149.18,B
2778,2778,8,712.96,2297.46,C
2779,2779,1,3320.76,2622.18,A
2780,2780,1,1106.69,2581.68,A
2781,2781,2,2154.09,2659.82,C
2782,2782,1,2078.78,2692.95,B
2783,2783,5,1153.62,1862.49,B
2784,2784,7,1246.98,5834.2,A
2785,2785,1,2151.07,2644.1,B
2786,2786,5,2199.59,1899.59,C
2787,2787,1,3057.71,2638.05,C
2788,2788,2,2245.54,2585.23,A
2789,2789,4,1762.99,2360.43,A
2790,2790,6,1483.96,4182.4,A
2791,2791,6,499.2,3945.58,A
2792,2792,1,2684.2,2688.52,A
2793,2793,6,1244.01,3843.84,A
2794,2794,3,1750.59,1947.6,A
2795,2795,1,2238.31,2607.01,C
2796,2796,5,2055.73,1905.24,B
2797,2797,6,1000.32,4341.54,C
2798,2798,5,1501.56,1952.05,B
2799,2799,8,1836.64,2345.18,B
2800,2800,7,544.63,5724.34,B
2801,2801,7,1510.45,6151.4,B
2802,2802,4,838.62,2434.31,B
2803,2803,7,1381.4,6187.21,C
2804,2804,8,1461.4,2214.32,A
2805,2805,3,648.46,2168.9,C
2806,2806,8,1718.64,2407.55,B
2807,2807,3,2158.11,2195.21,B
2808,2808,5,1658.03,1812.61,B
2809,2809,2,1355.8,2774.73,B
2810,2810,5,2202.13,1969.85,C
2811,2811,7,676.75,5970.5,C
2812,2812,6,1420.5,4321.58,C
2813,2813,2,969.95,2932.01,B
2814,2814,6,1192.08,3983.67,C
2815,2815,4,1343.79,2292.18,A
2816,2816,5,1332.6,2064.66,B
2817,2817,4,820.3,2419.51,C
2818,2818,8,1324.51,2364.26,A
2819,2819,6,1211.39,4340.08,C
2820,2820,1,1402.72,2327.31,A
2821,2821,5,1446.03,1670.29,B
2822,2822,1,2824.68,2720.19,C
2823,2823,6,1059.63,4121.02,B
2824,2824,6,844.36,4292.3,A
2825,2825,1,1815.92,2668.88,A
2826,2826,5,1683.15,1749.28,B
2827,2827,3,1629.76,2064.58,C
2828,2828,8,1811.94,2108.38,A
2829,2829,5,1233.84,1754.64,A
2830,2830,3,1529.04,2004.88,A
2831,2831,7,1174.54,5569.37,B
2832,2832,5,2864.99,1618.08,C
2833,2833,8,1257.6,2138.73,B
2834,2834,5,1078.77,1620.68,A
2835,2835,3,1075.16,2029.39,A
2836,2836,2,1357.4,2752.15,B
2837,2837,4,1204.46,2302.92,C
2838,2838,6,1177.42,3983.11,B
2839,2839,7,1016.73,5921.19,A
2840,2840,4,1221.73,2287.23,B
2841,2841,6,1296.44,4163.12,B
2842,2842,2,2345.26,2687.43,B
2843,2843,5,1974.4,1872.42,C
2844,2844,8,575.33,2236.12,B
2845,2845,1,1181.6,2396.19,A
2846,2846,3,861.49,1996.86,C
2847,2847,6,1538.35,4156.2,A
2848,2848,6,1153.7,3943.93,B
2849,2849,3,1298.81,2027.09,B
2850,2850,2,2029.73,2687.64,A
2851,2851,1,1024.29,2475.85,B
2852,2852,2,1159.83,2641.97,A
2853,2853,2,1488.68,2771.79,B
2854,2854,4,2012.16,2369.14,C
2855,2855,3,1101.28,2085.91,B
2856,2856,1,1921.6,2611.93,C
2857,2857,4,827.76,2588.3,C
2858,2858,7,1250.67,6025.79,C
2859,2859,2,1074.58,3016.71,C
2860,2860,8,1493.26,2088.78,C
2861,2861,4,3003.42,2531.56,C
2862,2862,2,1132.14,3142.5,C
2863,2863,6,1112.51,3979.3,C
2864,2864,6,916.3,4457.46,A
2865,2865,2,2604.9,2975.56,C
2866,2866,5,1144.16,1876.4,B
2867,2867,4,1838.08,2539.64,A
2868,2868,7,990.12,6547.27,C
2869,2869,6,712.8,4548.2,A
2870,2870,5,1065.41,1675.75,A
2871,2871,1,3316.49,2231.33,B
2872,2872,2,3023.26,3046.32,B
2873,2873,6,974.86,3753.78,C
2874,2874,5,2231.3,1680.4,B
2875,2875,2,933.2,2783.0,A
2876,2876,5,2201.05,1820.34,C
2877,2877,2,2369.64,2792.53,B
2878,2878,7,736.97,6026.97,A
2879,2879,8,1240.76,2172.39,C
2880,2880,7,1084.54,5966.13,B
2881,2881,2,1046.38,2765.46,B
2882,2882,3,1603.8,1953.56,A
2883,2883,1,2491.18,2385.15,C
2884,2884,7,460.14,6064.62,B
2885,2885,8,2182.43,1982.71,A
2886,2886,8,1316.43,2290.0,C
2887,2887,6,612.04,4531.75,B
2888,2888,3,1896.0,1976.51,B
2889,2889,5,3299.34,1907.24,A
2890,2890,1,1667.62,2440.57,C
2891,2891,5,2325.38,1869.97,A
2892,2892,8,1771.05,2167.78,C
2893,2893,8,576.47,2156.32,B
2894,2894,3,1193.63,1787.42,A
2895,2895,2,3507.57,2759.23,A
2896,2896,5,1813.51,1747.54,A
2897,2897,7,811.92,6343.78,C
2898,2898,5,1497.8,1722.64,A
2899,2899,2,1973.54,2666.68,B
2900,2900,6,1525.41,4562.16,C
2901,2901,8,763.16,2193.42,B
2902,2902,8,1282.08,2120.5,B
2903,2903,8,1853.61,2287.73,C
2904,2904,7,954.11,6682.73,A
2905,2905,7,610.07,6559.94,A
2906,2906,6,1309.36,4381.55,C
2907,2907,8,1085.57,2167.25,A
2908,2908,2,1784.76,2664.03,B
2909,2909,3,871.49,1996.6,C
2910,2910,4,1188.83,2126.14,B
2911,2911,8,1632.68,2137.91,B
2912,2912,1,784.29,2616.84,C
2913,2913,3,1065.11,2025.66,C
2914,2914,6,824.05,4107.83,A
2915,2915,1,3545.2,2757.2,B
2916,2916,3,916.44,2026.13,B
2917,2917,7,701.37,6344.94,C
2918,2918,6,779.46,4353.07,A
2919,2919,8,1522.86,2191.93,B
2920,2920,3,1786.99,1878.37,B
2921,2921,3,1444.6,2098.33,B
2922,2922,6,1500.27,4213.61,C
2923,2923,5,3078.09,1758.49,C
2924,2924,4,1859.06,2273.35,B
2925,2925,2,1995.65,2910.07,A
2926,2926,5,1142.02,1801.39,C
2927,2927,6,1125.46,4009.36,C
2928,2928,3,2100.17,1915.0,B
2929,2929,4,2093.28,2265.3,A
2930,2930,2,1835.74,3002.47,B
2931,2931,7,885.88,6345.85,A
2932,2932,6,711.69,3941.57,C
2933,2933,1,891.62,2640.13,C
2934,2934,5,820.24,2002.08,B
2935,2935,2,1361.87,2949.34,B
2936,2936,6,1215.55,4467.77,B
2937,2937,7,1081.77,6093.52,A
2938,2938,3,1564.75,1841.99,B
2939,2939,4,2166.51,2228.71,C
2940,2940,7,653.35,6433.79,B
2941,2941,4,1126.85,2383.3,C
2942,2942,3,1739.67,1859.21,B
2943,2943,4,1471.56,2145.48,C
2944,2944,2,1796.71,2972.89,C
2945,2945,7,1353.37,6402.82,C
2946,2946,7,863.41,6274.84,A
2947,2947,5,1315.79,1773.34,C
2948,2948,2,1273.53,3272.84,B
2949,2949,2,895.96,2967.77,B
2950,2950,2,2346.11,2686.32,A
2951,2951,4,2398.66,2427.24,B
2952,2952,7,638.31,6155.68,A
2953,2953,2,1609.13,2759.98,A
2954,2954,3,1319.7,1775.18,B
2955,2955,4,2391.37,2144.78,B
2956,2956,3,1606.74,1713.34,A
2957,2957,2,1281.47,3052.78,C
2958,2958,6,491.18,4293.82,A
2959,2959,8,1062.11,2219.14,C
2960,2960,1,2661.7,2364.99,A
2961,2961,6,1855.8,4071.09,A
2962,2962,2,1209.87,3133.5,A
2963,2963,3,1905.6,1748.91,B
2964,2964,6,1517.35,4208.89,A
2965,2965,6,1572.86,4298.48,A
2966,2966,8,923.28,2145.45,C
2967,2967,7,1093.02,6293.33,B
2968,2968,6,774.19,4144.91,A
2969,2969,7,1333.83,6327.68,C
2970,2970,3,2329.7,1895.26,B
2971,2971,6,716.68,3891.18,B
2972,2972,3,1187.74,2070.86,B
2973,2973,7,1252.21,6089.64,A
2974,2974,4,1772.87,2371.16,C
2975,2975,8,2056.12,2282.76,C
2976,2976,7,1023.81,6182.8,C
2977,2977,7,819.96,6042.54,B
2978,2978,6,1132.58,3944.85,A
2979,2979,1,1160.94,2419.3,A
2980,2980,7,1547.16,6257.06,C
2981,2981,6,571.0,3971.88,C
2982,2982,5,2700.85,1904.54,C
2983,2983,7,515.86,6042.35,A
2984,2984,2,1639.66,2897.3,A
2985,2985,3,1514.76,2021.8,C
2986,2986,6,578.34,3976.56,C
2987,2987,2,2018.77,2899.14,B
2988,2988,4,1073.48,2332.25,B
2989,2989,8,1190.42,2102.89,A
2990,2990,4,1922.57,2226.72,C
2991,2991,7,399.82,5992.09,C
2992,2992,2,2149.9,2845.6,A
2993,2993,6,1665.4,4500.96,A
2994,2994,5,1474.51,1798.87,B
2995,2995,1,2222.42,2414.89,C
2996,2996,7,543.29,6431.71,B
2997,2997,5,1765.48,1975.34,B
2998,2998,2,957.02,3262.51,A
2999,2999,6,1324.1,4569.81,C
3000,3000,7,1567.35,6455.82,B
3001,3001,3,2162.87,1985.69,C
3002,3002,8,1172.88,2112.46,A
3003,3003,4,1883.2,2459.25,B
3004,3004,6,1218.97,4080.04,A
3005,3005,5,1393.35,1870.47,B
3006,3006,3,687.28,2067.37,C
3007,3007,5,942.55,1818.95,C
3008,3008,7,964.52,6318.7,B
3009,3009,4,1016.38,2410.36,B
3010,3010,1,2710.46,2601.68,A
3011,3011,2,3272.2,2888.75,C
3012,3012,6,852.34,3981.97,B
3013,3013,2,1098.59,2898.01,B
3014,3014,3,1181.28,2114.34,A
3015,3015,5,2364.87,1983.04,B
3016,3016,1,3160.93,2691.76,B
3017,3017,8,845.15,2220.7,C
3018,3018,6,511.06,3993.87,C
3019,3019,2,1830.35,2976.15,B
3020,3020,7,1135.7,5778.23,C
3021,3021,6,1112.76,3890.69,C
3022,3022,6,912.36,4305.73,B
3023,3023,7,1207.5,5954.56,A
3024,3024,4,2341.9,2299.14,C
3025,3025,5,607.6,2013.34,B
3026,3026,7,1056.65,5820.5,A
3027,3027,6,948.08,4072.3,B
3028,3028,7,619.01,5921.1,A
3029,3029,6,1445.74,4256.52,A
3030,3030,5,1150.18,1674.58,B
3031,3031,1,2044.42,2422.02,C
3032,3032,6,1822.28,3829.56,C
3033,3033,5,1002.93,1928.88,A
3034,3034,2,2445.5,2868.44,C
3035,3035,5,1817.36,1940.32,A
3036,3036,4,928.24,2476.5,A
3037,3037,8,1389.18,2220.77,C
3038,3038,4,1102.48,2316.3,A
3039,3039,6,1060.13,4227.56,A
3040,3040,4,1320.85,2391.14,C
3041,3041,6,1441.99,4092.27,A
3042,3042,7,1337.51,6141.26,A
3043,3043,2,2120.44,2760.9,A
3044,3044,1,1338.1,2634.55,C
3045,3045,7,627.7,6300.01,B
3046,3046,2,2802.05,2741.35,C
3047,3047,3,2241.05,2012.17,A
3048,3048,1,2514.74,2614.68,C
3049,3049,4,884.11,2570.73,B
3050,3050,7,595.78,6570.9,A
3051,3051,1,1273.04,2582.41,A
3052,3052,2,1432.22,2952.69,C
3053,3053,4,2520.47,2250.06,A
3054,3054,4,1026.84,2510.62,B
3055,3055,7,1138.42,6224.84,B
3056,3056,6,1789.09,4047.7,A
3057,3057,4,898.2,2602.48,C
3058,3058,2,1640.11,2889.24,A
3059,3059,8,1390.05,2266.5,B
3060,3060,3,717.91,2164.87,C
3061,3061,4,2818.38,2381.98,B
3062,3062,6,1131.46,4552.11,B
3063,3063,5,2054.44,1709.28,C
3064,3064,8,2124.88,2118.63,B
3065,3065,2,944.67,2711.18,C
3066,3066,5,2528.94,1653.62,C
3067,3067,4,1658.14,2391.54,C
3068,3068,6,510.44,4302.03,A
3069,3069,6,1226.08,4581.03,B
3070,3070,5,1545.23,1836.11,A
3071,3071,1,2816.42,2508.68,A
3072,3072,3,1008.47,2027.49,B
3073,3073,4,2445.38,2401.57,B
3074,3074,5,1841.04,1762.28,A
3075,3075,5,1647.38,1875.63,A
3076,3076,2,2642.12,2913.18,B
3077,3077,2,1891.23,3006.07,A
3078,3078,4,1985.63,2390.89,B
3079,3079,5,2758.15,1793.21,A
3080,3080,8,2044.65,2285.1,B
3081,3081,7,443.03,6536.85,A
3082,3082,2,2181.17,3013.78,B
3083,3083,5,1162.67,1865.12,B
3084,3084,7,901.8,6227.27,C
3085,3085,4,689.34,2267.28,C
3086,3086,4,2398.58,2282.36,B
3087,3087,2,1245.21,3195.79,B
3088,3088,1,2549.12,2606.35,A
3089,3089,3,1452.2,1985.41,B
3090,3090,6,907.87,4102.1,A
3091,3091,3,1708.04,1976.16,B
3092,3092,8,1890.95,2364.12,C
3093,3093,5,2011.31,1789.81,B
3094,3094,3,857.1,1932.62,C
3095,3095,5,1976.69,1857.76,B
3096,3096,6,611.74,4517.13,C
3097,3097,4,1799.79,2452.36,B
3098,3098,6,1935.43,4460.8,C
3099,3099,3,1686.66,1979.82,A
3100,3100,5,2654.6,1976.33,C
3101,3101,2,2553.48,3191.47,B
3102,3102,4,1967.7,2416.11,A
3103,3103,2,2322.78,2867.49,C
3104,3104,7,1324.69,5958.28,A
3105,3105,4,1319.27,2469.7,B
3106,3106,2,3098.41,3116.47,A
3107,3107,3,1761.46,2040.77,B
3108,3108,7,492.26,6350.02,B
3109,3109,4,1266.95,2303.87,B
3110,3110,2,3087.69,3149.34,A
3111,3111,1,2230.17,2665.82,B
3112,3112,2,2143.47,3103.85,B
3113,3113,2,1411.05,2792.82,A
3114,3114,1,1715.54,2507.84,A
3115,3115,5,2777.36,1875.46,A
3116,3116,5,2690.96,1923.99,A
3117,3117,8,757.03,2080.2,C
3118,3118,1,2939.66,2666.51,B
3119,3119,4,978.15,2339.14,A
3120,3120,5,1512.08,1786.22,A
3121,3121,2,2189.38,2817.42,C
3122,3122,4,1448.54,2335.21,C
3123,3123,4,1370.55,2257.67,C
3124,3124,5,1606.24,1814.56,C
3125,3125,4,2409.1,2412.78,A
3126,3126,6,836.57,4579.62,A
3127,3127,5,1994.63,1880.71,C
3128,3128,4,2737.81,2238.62,A
3129,3129,7,555.1,6263.16,B
3130,3130,6,1993.41,4202.08,B
3131,3131,6,889.6,4231.97,C
3132,3132,5,1506.87,1699.97,A
3133,3133,6,681.65,4340.43,C
3134,3134,5,1063.39,1683.82,A
3135,3135,7,1014.63,6025.19,A
3136,3136,7,1508.33,6194.17,C
3137,3137,1,1042.14,2371.52,C
3138,3138,7,1494.36,6300.95,A
3139,3139,2,1545.76,2914.84,B
3140,3140,8,2169.61,2186.75,C
3141,3141,2,1462.48,2950.49,A
3142,3142,2,1538.4,2686.2,C
3143,3143,7,403.73,6211.39,A
3144,3144,3,1453.36,2002.94,A
3145,3145,3,1377.87,1958.9,B
3146,3146,6,1145.71,4244.24,C
3147,3147,8,774.75,2065.75,A
3148,3148,6,975.03,4910.17,B
3149,3149,4,1383.07,2535.98,B
3150,3150,2,2069.23,2711.83,C
3151,3151,4,1550.2,2452.77,B
3152,3152,7,576.64,5911.68,A
3153,3153,1,931.15,2507.11,C
3154,3154,4,1545.31,2424.83,C
3155,3155,4,1222.54,2441.33,C
3156,3156,2,2036.89,2684.01,B
3157,3157,4,1838.4,2455.08,B
3158,3158,8,1341.09,2359.9,C
3159,3159,3,1143.71,2039.94,A
3160,3160,6,993.83,4092.75,A
3161,3161,4,1258.74,2530.84,B
3162,3162,8,2306.44,2356.68,A
3163,3163,8,567.47,2310.85,A
3164,3164,5,1899.79,1757.52,C
3165,3165,2,1444.0,3086.38,C
3166,3166,2,1053.78,2742.21,A
3167,3167,4,1708.28,2194.17,C
3168,3168,5,1894.38,1753.2,A
3169,3169,6,984.81,4198.75,B
3170,3170,7,386.21,6395.77,C
3171,3171,3,1875.66,2077.72,A
3172,3172,1,1179.83,2554.1,A
3173,3173,2,1773.31,3014.74,A
3174,3174,4,1922.23,2205.84,A
3175,3175,4,1495.59,2387.12,A
3176,3176,6,1253.18,3900.11,C
3177,3177,1,1294.38,2491.78,C
3178,3178,1,2741.13,2364.06,A
3179,3179,3,821.48,2048.76,A
3180,3180,7,514.86,6296.32,B
3181,3181,4,2231.39,2363.35,C
3182,3182,6,773.54,4449.33,A
3183,3183,5,839.87,1889.41,B
3184,3184,2,2242.04,2837.33,A
3185,3185,7,510.16,6178.26,C
3186,3186,4,1217.38,2336.07,C
3187,3187,7,454.71,6223.48,C
3188,3188,4,1489.67,2360.99,B
3189,3189,3,1174.23,2100.9,C
3190,3190,6,681.59,4048.48,B
3191,3191,1,1912.65,2410.82,C
3192,3192,6,770.28,3996.3,A
3193,3193,1,1758.34,2427.39,A
3194,3194,4,2558.94,2603.49,C
3195,3195,1,1440.84,2535.41,C
3196,3196,1,2880.1,2508.28,C
3197,3197,5,2613.65,1960.0,B
3198,3198,8,1009.06,2283.95,B
3199,3199,1,2369.63,2690.05,C
3200,3200,1,2979.34,2403.02,B
3201,3201,2,1911.7,2919.48,C
3202,3202,2,2272.16,2963.88,C
3203,3203,7,972.43,6603.63,B
3204,3204,2,667.41,2701.1,B
3205,3205,6,975.39,4325.54,B
3206,3206,1,2782.1,2559.8,B
3207,3207,6,1599.77,4177.91,B
3208,3208,2,1611.14,2673.44,B
3209,3209,5,2511.67,1794.45,C
3210,3210,5,1203.89,1764.1,C
3211,3211,8,1744.33,2117.8,B
3212,3212,4,1653.25,2392.1,A
3213,3213,5,2397.22,1859.04,C
3214,3214,5,3091.03,1775.36,C
3215,3215,3,1943.6,2191.39,A
3216,3216,3,1664.95,2223.42,A
3217,3217,6,1130.12,4541.15,A
3218,3218,6,901.05,4023.69,A
3219,3219,7,1067.46,6558.91,A
3220,3220,3,1738.3,2074.45,B
3221,3221,1,1210.17,2511.58,C
3222,3222,5,2749.13,1843.24,B
3223,3223,3,1521.28,1969.42,A
3224,3224,7,718.59,6435.52,C
3225,3225,5,2488.87,1777.32,A
3226,3226,2,906.65,2667.42,C
3227,3227,1,2589.18,2445.62,A
3228,3228,2,2639.3,2692.59,B
3229,3229,6,1726.15,3907.01,C
3230,3230,5,1345.36,1751.44,C
3231,3231,3,1187.76,1871.06,A
3232,3232,2,3054.42,2731.84,C
3233,3233,2,1940.52,2808.26,A
3234,3234,8,1508.59,2282.02,A
3235,3235,8,2132.23,2276.93,A
3236,3236,7,885.27,5906.87,B
3237,3237,1,3530.86,2579.74,B
3238,3238,7,597.98,6102.23,C
3239,3239,1,2730.06,2469.96,C
3240,3240,1,2102.22,2559.54,C
3241,3241,6,1253.34,4035.83,A
3242,3242,7,1072.88,6008.9,B
3243,3243,5,990.54,1799.53,A
3244,3244,2,3240.33,2728.58,B
3245,3245,6,843.97,4208.09,B
3246,3246,4,1847.1,2588.06,A
3247,3247,8,2122.63,2388.44,C
3248,3248,4,945.36,2622.82,B
3249,3249,1,2721.05,2481.12,B
3250,3250,4,1066.78,2659.71,C
